2025-06-10 15:03:07,647 - INFO - Process-2 - 🚀 전차 목표 추적 시스템 (Action Worker) 시작
2025-06-10 15:06:22,509 - INFO - Process-2 - 🚀 전차 목표 추적 시스템 (Action Worker) 시작
2025-06-10 15:06:31,020 - DEBUG - Process-2 - 자율 주행 모드 비활성 또는 목표 없음. 전차 정지.
2025-06-10 15:06:31,132 - DEBUG - Process-2 - 자율 주행 모드 비활성 또는 목표 없음. 전차 정지.
2025-06-10 15:06:31,243 - DEBUG - Process-2 - 자율 주행 모드 비활성 또는 목표 없음. 전차 정지.
2025-06-10 15:06:31,346 - DEBUG - Process-2 - 자율 주행 모드 비활성 또는 목표 없음. 전차 정지.
2025-06-10 15:06:31,451 - DEBUG - Process-2 - 자율 주행 모드 비활성 또는 목표 없음. 전차 정지.
2025-06-10 15:06:31,557 - DEBUG - Process-2 - 자율 주행 모드 비활성 또는 목표 없음. 전차 정지.
2025-06-10 15:06:31,660 - DEBUG - Process-2 - 자율 주행 모드 비활성 또는 목표 없음. 전차 정지.
2025-06-10 15:06:31,763 - DEBUG - Process-2 - 자율 주행 모드 비활성 또는 목표 없음. 전차 정지.
2025-06-10 15:06:31,868 - DEBUG - Process-2 - 자율 주행 모드 비활성 또는 목표 없음. 전차 정지.
2025-06-10 15:06:31,971 - DEBUG - Process-2 - 자율 주행 모드 비활성 또는 목표 없음. 전차 정지.
2025-06-10 15:06:32,075 - DEBUG - Process-2 - 자율 주행 모드 비활성 또는 목표 없음. 전차 정지.
2025-06-10 15:06:32,194 - DEBUG - Process-2 - 자율 주행 모드 비활성 또는 목표 없음. 전차 정지.
2025-06-10 15:06:32,363 - DEBUG - Process-2 - 자율 주행 모드 비활성 또는 목표 없음. 전차 정지.
2025-06-10 15:06:32,466 - DEBUG - Process-2 - 자율 주행 모드 비활성 또는 목표 없음. 전차 정지.
2025-06-10 15:06:32,570 - DEBUG - Process-2 - 자율 주행 모드 비활성 또는 목표 없음. 전차 정지.
2025-06-10 15:06:32,673 - DEBUG - Process-2 - 자율 주행 모드 비활성 또는 목표 없음. 전차 정지.
2025-06-10 15:06:32,776 - DEBUG - Process-2 - 자율 주행 모드 비활성 또는 목표 없음. 전차 정지.
2025-06-10 15:06:32,880 - DEBUG - Process-2 - 자율 주행 모드 비활성 또는 목표 없음. 전차 정지.
2025-06-10 15:06:32,983 - DEBUG - Process-2 - 자율 주행 모드 비활성 또는 목표 없음. 전차 정지.
2025-06-10 15:06:33,088 - DEBUG - Process-2 - 자율 주행 모드 비활성 또는 목표 없음. 전차 정지.
2025-06-10 15:06:33,191 - DEBUG - Process-2 - 자율 주행 모드 비활성 또는 목표 없음. 전차 정지.
2025-06-10 15:06:33,294 - DEBUG - Process-2 - 자율 주행 모드 비활성 또는 목표 없음. 전차 정지.
2025-06-10 15:06:33,398 - DEBUG - Process-2 - 자율 주행 모드 비활성 또는 목표 없음. 전차 정지.
2025-06-10 15:06:33,502 - DEBUG - Process-2 - 자율 주행 모드 비활성 또는 목표 없음. 전차 정지.
2025-06-10 15:06:33,605 - DEBUG - Process-2 - 자율 주행 모드 비활성 또는 목표 없음. 전차 정지.
2025-06-10 15:06:33,708 - DEBUG - Process-2 - 자율 주행 모드 비활성 또는 목표 없음. 전차 정지.
2025-06-10 15:06:33,812 - DEBUG - Process-2 - 자율 주행 모드 비활성 또는 목표 없음. 전차 정지.
2025-06-10 15:06:33,916 - DEBUG - Process-2 - 자율 주행 모드 비활성 또는 목표 없음. 전차 정지.
2025-06-10 15:06:34,079 - DEBUG - Process-2 - 자율 주행 모드 비활성 또는 목표 없음. 전차 정지.
2025-06-10 15:06:34,182 - DEBUG - Process-2 - 자율 주행 모드 비활성 또는 목표 없음. 전차 정지.
2025-06-10 15:06:34,285 - DEBUG - Process-2 - 자율 주행 모드 비활성 또는 목표 없음. 전차 정지.
2025-06-10 15:06:34,388 - DEBUG - Process-2 - 자율 주행 모드 비활성 또는 목표 없음. 전차 정지.
2025-06-10 15:06:34,491 - DEBUG - Process-2 - 자율 주행 모드 비활성 또는 목표 없음. 전차 정지.
2025-06-10 15:06:34,595 - DEBUG - Process-2 - 자율 주행 모드 비활성 또는 목표 없음. 전차 정지.
2025-06-10 15:06:34,697 - DEBUG - Process-2 - 자율 주행 모드 비활성 또는 목표 없음. 전차 정지.
2025-06-10 15:06:34,800 - DEBUG - Process-2 - 자율 주행 모드 비활성 또는 목표 없음. 전차 정지.
2025-06-10 15:06:34,903 - DEBUG - Process-2 - 자율 주행 모드 비활성 또는 목표 없음. 전차 정지.
2025-06-10 15:06:35,006 - DEBUG - Process-2 - 자율 주행 모드 비활성 또는 목표 없음. 전차 정지.
2025-06-10 15:06:35,109 - DEBUG - Process-2 - 자율 주행 모드 비활성 또는 목표 없음. 전차 정지.
2025-06-10 15:06:35,213 - DEBUG - Process-2 - 자율 주행 모드 비활성 또는 목표 없음. 전차 정지.
2025-06-10 15:06:35,316 - DEBUG - Process-2 - 자율 주행 모드 비활성 또는 목표 없음. 전차 정지.
2025-06-10 15:06:35,419 - DEBUG - Process-2 - 자율 주행 모드 비활성 또는 목표 없음. 전차 정지.
2025-06-10 15:06:35,522 - DEBUG - Process-2 - 자율 주행 모드 비활성 또는 목표 없음. 전차 정지.
2025-06-10 15:06:35,625 - DEBUG - Process-2 - 자율 주행 모드 비활성 또는 목표 없음. 전차 정지.
2025-06-10 15:06:35,729 - DEBUG - Process-2 - 자율 주행 모드 비활성 또는 목표 없음. 전차 정지.
2025-06-10 15:06:35,834 - DEBUG - Process-2 - 자율 주행 모드 비활성 또는 목표 없음. 전차 정지.
2025-06-10 15:06:35,937 - DEBUG - Process-2 - 자율 주행 모드 비활성 또는 목표 없음. 전차 정지.
2025-06-10 15:06:36,040 - DEBUG - Process-2 - 자율 주행 모드 비활성 또는 목표 없음. 전차 정지.
2025-06-10 15:06:36,143 - DEBUG - Process-2 - 자율 주행 모드 비활성 또는 목표 없음. 전차 정지.
2025-06-10 15:06:36,246 - DEBUG - Process-2 - 자율 주행 모드 비활성 또는 목표 없음. 전차 정지.
2025-06-10 15:06:36,349 - DEBUG - Process-2 - 자율 주행 모드 비활성 또는 목표 없음. 전차 정지.
2025-06-10 15:06:36,453 - DEBUG - Process-2 - 자율 주행 모드 비활성 또는 목표 없음. 전차 정지.
2025-06-10 15:06:36,557 - DEBUG - Process-2 - 자율 주행 모드 비활성 또는 목표 없음. 전차 정지.
2025-06-10 15:06:36,660 - DEBUG - Process-2 - 자율 주행 모드 비활성 또는 목표 없음. 전차 정지.
2025-06-10 15:06:36,763 - DEBUG - Process-2 - 자율 주행 모드 비활성 또는 목표 없음. 전차 정지.
2025-06-10 15:06:36,867 - DEBUG - Process-2 - 자율 주행 모드 비활성 또는 목표 없음. 전차 정지.
2025-06-10 15:06:36,970 - DEBUG - Process-2 - 자율 주행 모드 비활성 또는 목표 없음. 전차 정지.
2025-06-10 15:06:37,077 - DEBUG - Process-2 - 자율 주행 모드 비활성 또는 목표 없음. 전차 정지.
2025-06-10 15:06:37,180 - DEBUG - Process-2 - 자율 주행 모드 비활성 또는 목표 없음. 전차 정지.
2025-06-10 15:06:37,291 - DEBUG - Process-2 - 자율 주행 모드 비활성 또는 목표 없음. 전차 정지.
2025-06-10 15:06:37,424 - DEBUG - Process-2 - 자율 주행 모드 비활성 또는 목표 없음. 전차 정지.
2025-06-10 15:06:37,527 - DEBUG - Process-2 - 자율 주행 모드 비활성 또는 목표 없음. 전차 정지.
2025-06-10 15:06:37,630 - DEBUG - Process-2 - 자율 주행 모드 비활성 또는 목표 없음. 전차 정지.
2025-06-10 15:06:37,744 - DEBUG - Process-2 - 자율 주행 모드 비활성 또는 목표 없음. 전차 정지.
2025-06-10 15:06:37,862 - DEBUG - Process-2 - 자율 주행 모드 비활성 또는 목표 없음. 전차 정지.
2025-06-10 15:06:37,965 - DEBUG - Process-2 - 자율 주행 모드 비활성 또는 목표 없음. 전차 정지.
2025-06-10 15:06:38,079 - DEBUG - Process-2 - 자율 주행 모드 비활성 또는 목표 없음. 전차 정지.
2025-06-10 15:06:38,182 - DEBUG - Process-2 - 자율 주행 모드 비활성 또는 목표 없음. 전차 정지.
2025-06-10 15:06:38,295 - DEBUG - Process-2 - 자율 주행 모드 비활성 또는 목표 없음. 전차 정지.
2025-06-10 15:06:38,409 - DEBUG - Process-2 - 자율 주행 모드 비활성 또는 목표 없음. 전차 정지.
2025-06-10 15:06:38,513 - DEBUG - Process-2 - 자율 주행 모드 비활성 또는 목표 없음. 전차 정지.
2025-06-10 15:06:38,616 - DEBUG - Process-2 - 자율 주행 모드 비활성 또는 목표 없음. 전차 정지.
2025-06-10 15:06:38,724 - DEBUG - Process-2 - 자율 주행 모드 비활성 또는 목표 없음. 전차 정지.
2025-06-10 15:06:38,827 - DEBUG - Process-2 - 자율 주행 모드 비활성 또는 목표 없음. 전차 정지.
2025-06-10 15:06:38,931 - DEBUG - Process-2 - 자율 주행 모드 비활성 또는 목표 없음. 전차 정지.
2025-06-10 15:06:39,049 - DEBUG - Process-2 - 자율 주행 모드 비활성 또는 목표 없음. 전차 정지.
2025-06-10 15:06:39,184 - DEBUG - Process-2 - 자율 주행 모드 비활성 또는 목표 없음. 전차 정지.
2025-06-10 15:06:39,288 - DEBUG - Process-2 - 자율 주행 모드 비활성 또는 목표 없음. 전차 정지.
2025-06-10 15:06:39,391 - DEBUG - Process-2 - 자율 주행 모드 비활성 또는 목표 없음. 전차 정지.
2025-06-10 15:06:39,494 - DEBUG - Process-2 - 자율 주행 모드 비활성 또는 목표 없음. 전차 정지.
2025-06-10 15:06:39,598 - DEBUG - Process-2 - 자율 주행 모드 비활성 또는 목표 없음. 전차 정지.
2025-06-10 15:06:39,701 - DEBUG - Process-2 - 자율 주행 모드 비활성 또는 목표 없음. 전차 정지.
2025-06-10 15:06:39,804 - DEBUG - Process-2 - 자율 주행 모드 비활성 또는 목표 없음. 전차 정지.
2025-06-10 15:06:39,929 - DEBUG - Process-2 - 자율 주행 모드 비활성 또는 목표 없음. 전차 정지.
2025-06-10 15:06:40,032 - DEBUG - Process-2 - 자율 주행 모드 비활성 또는 목표 없음. 전차 정지.
2025-06-10 15:06:40,145 - DEBUG - Process-2 - 자율 주행 모드 비활성 또는 목표 없음. 전차 정지.
2025-06-10 15:06:40,248 - DEBUG - Process-2 - 자율 주행 모드 비활성 또는 목표 없음. 전차 정지.
2025-06-10 15:06:40,356 - DEBUG - Process-2 - 자율 주행 모드 비활성 또는 목표 없음. 전차 정지.
2025-06-10 15:06:40,461 - DEBUG - Process-2 - 자율 주행 모드 비활성 또는 목표 없음. 전차 정지.
2025-06-10 15:06:40,569 - DEBUG - Process-2 - 자율 주행 모드 비활성 또는 목표 없음. 전차 정지.
2025-06-10 15:06:40,696 - DEBUG - Process-2 - 자율 주행 모드 비활성 또는 목표 없음. 전차 정지.
2025-06-10 15:06:40,800 - DEBUG - Process-2 - 자율 주행 모드 비활성 또는 목표 없음. 전차 정지.
2025-06-10 15:06:40,903 - DEBUG - Process-2 - 자율 주행 모드 비활성 또는 목표 없음. 전차 정지.
2025-06-10 15:06:41,006 - DEBUG - Process-2 - 자율 주행 모드 비활성 또는 목표 없음. 전차 정지.
2025-06-10 15:06:41,109 - DEBUG - Process-2 - 자율 주행 모드 비활성 또는 목표 없음. 전차 정지.
2025-06-10 15:06:41,259 - DEBUG - Process-2 - 자율 주행 모드 비활성 또는 목표 없음. 전차 정지.
2025-06-10 15:06:41,363 - DEBUG - Process-2 - 자율 주행 모드 비활성 또는 목표 없음. 전차 정지.
2025-06-10 15:06:41,466 - DEBUG - Process-2 - 자율 주행 모드 비활성 또는 목표 없음. 전차 정지.
2025-06-10 15:06:41,569 - DEBUG - Process-2 - 자율 주행 모드 비활성 또는 목표 없음. 전차 정지.
2025-06-10 15:06:41,673 - DEBUG - Process-2 - 자율 주행 모드 비활성 또는 목표 없음. 전차 정지.
2025-06-10 15:06:41,777 - DEBUG - Process-2 - 자율 주행 모드 비활성 또는 목표 없음. 전차 정지.
2025-06-10 15:06:41,880 - DEBUG - Process-2 - 자율 주행 모드 비활성 또는 목표 없음. 전차 정지.
2025-06-10 15:06:41,984 - DEBUG - Process-2 - 자율 주행 모드 비활성 또는 목표 없음. 전차 정지.
2025-06-10 15:06:42,090 - DEBUG - Process-2 - 자율 주행 모드 비활성 또는 목표 없음. 전차 정지.
2025-06-10 15:06:42,193 - DEBUG - Process-2 - 자율 주행 모드 비활성 또는 목표 없음. 전차 정지.
2025-06-10 15:06:42,300 - DEBUG - Process-2 - 자율 주행 모드 비활성 또는 목표 없음. 전차 정지.
2025-06-10 15:06:42,405 - DEBUG - Process-2 - 자율 주행 모드 비활성 또는 목표 없음. 전차 정지.
2025-06-10 15:06:42,517 - DEBUG - Process-2 - 자율 주행 모드 비활성 또는 목표 없음. 전차 정지.
2025-06-10 15:06:42,621 - DEBUG - Process-2 - 자율 주행 모드 비활성 또는 목표 없음. 전차 정지.
2025-06-10 15:06:42,724 - DEBUG - Process-2 - 자율 주행 모드 비활성 또는 목표 없음. 전차 정지.
2025-06-10 15:06:42,828 - DEBUG - Process-2 - 자율 주행 모드 비활성 또는 목표 없음. 전차 정지.
2025-06-10 15:06:42,939 - DEBUG - Process-2 - 자율 주행 모드 비활성 또는 목표 없음. 전차 정지.
2025-06-10 15:06:43,042 - DEBUG - Process-2 - 자율 주행 모드 비활성 또는 목표 없음. 전차 정지.
2025-06-10 15:06:43,177 - DEBUG - Process-2 - 자율 주행 모드 비활성 또는 목표 없음. 전차 정지.
2025-06-10 15:06:43,280 - DEBUG - Process-2 - 자율 주행 모드 비활성 또는 목표 없음. 전차 정지.
2025-06-10 15:06:43,383 - DEBUG - Process-2 - 자율 주행 모드 비활성 또는 목표 없음. 전차 정지.
2025-06-10 15:06:43,504 - DEBUG - Process-2 - 자율 주행 모드 비활성 또는 목표 없음. 전차 정지.
2025-06-10 15:06:43,607 - DEBUG - Process-2 - 자율 주행 모드 비활성 또는 목표 없음. 전차 정지.
2025-06-10 15:06:43,710 - DEBUG - Process-2 - 자율 주행 모드 비활성 또는 목표 없음. 전차 정지.
2025-06-10 15:06:43,814 - DEBUG - Process-2 - 자율 주행 모드 비활성 또는 목표 없음. 전차 정지.
2025-06-10 15:06:43,918 - DEBUG - Process-2 - 자율 주행 모드 비활성 또는 목표 없음. 전차 정지.
2025-06-10 15:06:44,021 - DEBUG - Process-2 - 자율 주행 모드 비활성 또는 목표 없음. 전차 정지.
2025-06-10 15:06:44,125 - DEBUG - Process-2 - 자율 주행 모드 비활성 또는 목표 없음. 전차 정지.
2025-06-10 15:06:44,229 - DEBUG - Process-2 - 자율 주행 모드 비활성 또는 목표 없음. 전차 정지.
2025-06-10 15:06:44,333 - DEBUG - Process-2 - 자율 주행 모드 비활성 또는 목표 없음. 전차 정지.
2025-06-10 15:06:44,436 - DEBUG - Process-2 - 자율 주행 모드 비활성 또는 목표 없음. 전차 정지.
2025-06-10 15:06:44,539 - DEBUG - Process-2 - 자율 주행 모드 비활성 또는 목표 없음. 전차 정지.
2025-06-10 15:06:44,643 - DEBUG - Process-2 - 자율 주행 모드 비활성 또는 목표 없음. 전차 정지.
2025-06-10 15:06:44,746 - DEBUG - Process-2 - 자율 주행 모드 비활성 또는 목표 없음. 전차 정지.
2025-06-10 15:06:44,849 - DEBUG - Process-2 - 자율 주행 모드 비활성 또는 목표 없음. 전차 정지.
2025-06-10 15:06:44,952 - DEBUG - Process-2 - 자율 주행 모드 비활성 또는 목표 없음. 전차 정지.
2025-06-10 15:06:45,056 - DEBUG - Process-2 - 자율 주행 모드 비활성 또는 목표 없음. 전차 정지.
2025-06-10 15:06:45,159 - DEBUG - Process-2 - 자율 주행 모드 비활성 또는 목표 없음. 전차 정지.
2025-06-10 15:06:45,265 - DEBUG - Process-2 - 자율 주행 모드 비활성 또는 목표 없음. 전차 정지.
2025-06-10 15:06:45,369 - DEBUG - Process-2 - 자율 주행 모드 비활성 또는 목표 없음. 전차 정지.
2025-06-10 15:06:45,472 - DEBUG - Process-2 - 자율 주행 모드 비활성 또는 목표 없음. 전차 정지.
2025-06-10 15:06:45,575 - DEBUG - Process-2 - 자율 주행 모드 비활성 또는 목표 없음. 전차 정지.
2025-06-10 15:06:45,682 - DEBUG - Process-2 - 자율 주행 모드 비활성 또는 목표 없음. 전차 정지.
2025-06-10 15:06:45,786 - DEBUG - Process-2 - 자율 주행 모드 비활성 또는 목표 없음. 전차 정지.
2025-06-10 15:06:45,892 - DEBUG - Process-2 - 자율 주행 모드 비활성 또는 목표 없음. 전차 정지.
2025-06-10 15:06:46,022 - DEBUG - Process-2 - 자율 주행 모드 비활성 또는 목표 없음. 전차 정지.
2025-06-10 15:06:46,125 - DEBUG - Process-2 - 자율 주행 모드 비활성 또는 목표 없음. 전차 정지.
2025-06-10 15:06:46,228 - DEBUG - Process-2 - 자율 주행 모드 비활성 또는 목표 없음. 전차 정지.
2025-06-10 15:06:46,333 - DEBUG - Process-2 - 자율 주행 모드 비활성 또는 목표 없음. 전차 정지.
2025-06-10 15:06:46,437 - DEBUG - Process-2 - 자율 주행 모드 비활성 또는 목표 없음. 전차 정지.
2025-06-10 15:06:46,541 - DEBUG - Process-2 - 자율 주행 모드 비활성 또는 목표 없음. 전차 정지.
2025-06-10 15:06:46,691 - DEBUG - Process-2 - 자율 주행 모드 비활성 또는 목표 없음. 전차 정지.
2025-06-10 15:06:46,796 - DEBUG - Process-2 - 자율 주행 모드 비활성 또는 목표 없음. 전차 정지.
2025-06-10 15:06:46,899 - DEBUG - Process-2 - 자율 주행 모드 비활성 또는 목표 없음. 전차 정지.
2025-06-10 15:06:47,003 - DEBUG - Process-2 - 자율 주행 모드 비활성 또는 목표 없음. 전차 정지.
2025-06-10 15:06:47,106 - DEBUG - Process-2 - 자율 주행 모드 비활성 또는 목표 없음. 전차 정지.
2025-06-10 15:06:47,210 - DEBUG - Process-2 - 자율 주행 모드 비활성 또는 목표 없음. 전차 정지.
2025-06-10 15:06:47,314 - DEBUG - Process-2 - 자율 주행 모드 비활성 또는 목표 없음. 전차 정지.
2025-06-10 15:06:47,417 - DEBUG - Process-2 - 자율 주행 모드 비활성 또는 목표 없음. 전차 정지.
2025-06-10 15:06:47,521 - DEBUG - Process-2 - 자율 주행 모드 비활성 또는 목표 없음. 전차 정지.
2025-06-10 15:06:47,670 - DEBUG - Process-2 - 자율 주행 모드 비활성 또는 목표 없음. 전차 정지.
2025-06-10 15:06:47,772 - DEBUG - Process-2 - 자율 주행 모드 비활성 또는 목표 없음. 전차 정지.
2025-06-10 15:06:47,875 - DEBUG - Process-2 - 자율 주행 모드 비활성 또는 목표 없음. 전차 정지.
2025-06-10 15:06:47,979 - DEBUG - Process-2 - 자율 주행 모드 비활성 또는 목표 없음. 전차 정지.
2025-06-10 15:06:48,082 - DEBUG - Process-2 - 자율 주행 모드 비활성 또는 목표 없음. 전차 정지.
2025-06-10 15:06:48,187 - DEBUG - Process-2 - 자율 주행 모드 비활성 또는 목표 없음. 전차 정지.
2025-06-10 15:06:48,290 - DEBUG - Process-2 - 자율 주행 모드 비활성 또는 목표 없음. 전차 정지.
2025-06-10 15:06:48,393 - DEBUG - Process-2 - 자율 주행 모드 비활성 또는 목표 없음. 전차 정지.
2025-06-10 15:06:48,526 - DEBUG - Process-2 - 자율 주행 모드 비활성 또는 목표 없음. 전차 정지.
2025-06-10 15:06:48,631 - DEBUG - Process-2 - 자율 주행 모드 비활성 또는 목표 없음. 전차 정지.
2025-06-10 15:06:48,734 - DEBUG - Process-2 - 자율 주행 모드 비활성 또는 목표 없음. 전차 정지.
2025-06-10 15:06:48,838 - DEBUG - Process-2 - 자율 주행 모드 비활성 또는 목표 없음. 전차 정지.
2025-06-10 15:06:48,941 - DEBUG - Process-2 - 자율 주행 모드 비활성 또는 목표 없음. 전차 정지.
2025-06-10 15:06:49,044 - DEBUG - Process-2 - 자율 주행 모드 비활성 또는 목표 없음. 전차 정지.
2025-06-10 15:06:49,151 - DEBUG - Process-2 - 자율 주행 모드 비활성 또는 목표 없음. 전차 정지.
2025-06-10 15:06:49,286 - DEBUG - Process-2 - 자율 주행 모드 비활성 또는 목표 없음. 전차 정지.
2025-06-10 15:06:49,389 - DEBUG - Process-2 - 자율 주행 모드 비활성 또는 목표 없음. 전차 정지.
2025-06-10 15:06:49,493 - DEBUG - Process-2 - 자율 주행 모드 비활성 또는 목표 없음. 전차 정지.
2025-06-10 15:06:49,596 - DEBUG - Process-2 - 자율 주행 모드 비활성 또는 목표 없음. 전차 정지.
2025-06-10 15:06:49,699 - DEBUG - Process-2 - 자율 주행 모드 비활성 또는 목표 없음. 전차 정지.
2025-06-10 15:06:49,807 - DEBUG - Process-2 - 자율 주행 모드 비활성 또는 목표 없음. 전차 정지.
2025-06-10 15:06:49,911 - DEBUG - Process-2 - 자율 주행 모드 비활성 또는 목표 없음. 전차 정지.
2025-06-10 15:06:50,014 - DEBUG - Process-2 - 자율 주행 모드 비활성 또는 목표 없음. 전차 정지.
2025-06-10 15:06:50,118 - DEBUG - Process-2 - 자율 주행 모드 비활성 또는 목표 없음. 전차 정지.
2025-06-10 15:06:50,232 - DEBUG - Process-2 - 자율 주행 모드 비활성 또는 목표 없음. 전차 정지.
2025-06-10 15:06:50,335 - DEBUG - Process-2 - 자율 주행 모드 비활성 또는 목표 없음. 전차 정지.
2025-06-10 15:06:50,450 - DEBUG - Process-2 - 자율 주행 모드 비활성 또는 목표 없음. 전차 정지.
2025-06-10 15:06:50,553 - DEBUG - Process-2 - 자율 주행 모드 비활성 또는 목표 없음. 전차 정지.
2025-06-10 15:06:50,711 - DEBUG - Process-2 - 자율 주행 모드 비활성 또는 목표 없음. 전차 정지.
2025-06-10 15:06:50,814 - DEBUG - Process-2 - 자율 주행 모드 비활성 또는 목표 없음. 전차 정지.
2025-06-10 15:06:50,920 - DEBUG - Process-2 - 자율 주행 모드 비활성 또는 목표 없음. 전차 정지.
2025-06-10 15:06:51,023 - DEBUG - Process-2 - 자율 주행 모드 비활성 또는 목표 없음. 전차 정지.
2025-06-10 15:06:51,132 - DEBUG - Process-2 - 자율 주행 모드 비활성 또는 목표 없음. 전차 정지.
2025-06-10 15:06:51,287 - DEBUG - Process-2 - 자율 주행 모드 비활성 또는 목표 없음. 전차 정지.
2025-06-10 15:06:51,392 - DEBUG - Process-2 - 자율 주행 모드 비활성 또는 목표 없음. 전차 정지.
2025-06-10 15:06:51,496 - DEBUG - Process-2 - 자율 주행 모드 비활성 또는 목표 없음. 전차 정지.
2025-06-10 15:06:51,600 - DEBUG - Process-2 - 자율 주행 모드 비활성 또는 목표 없음. 전차 정지.
2025-06-10 15:06:51,704 - DEBUG - Process-2 - 자율 주행 모드 비활성 또는 목표 없음. 전차 정지.
2025-06-10 15:06:51,808 - DEBUG - Process-2 - 자율 주행 모드 비활성 또는 목표 없음. 전차 정지.
2025-06-10 15:06:51,911 - DEBUG - Process-2 - 자율 주행 모드 비활성 또는 목표 없음. 전차 정지.
2025-06-10 15:06:52,015 - DEBUG - Process-2 - 자율 주행 모드 비활성 또는 목표 없음. 전차 정지.
2025-06-10 15:06:52,118 - DEBUG - Process-2 - 자율 주행 모드 비활성 또는 목표 없음. 전차 정지.
2025-06-10 15:06:52,222 - DEBUG - Process-2 - 자율 주행 모드 비활성 또는 목표 없음. 전차 정지.
2025-06-10 15:06:52,326 - DEBUG - Process-2 - 자율 주행 모드 비활성 또는 목표 없음. 전차 정지.
2025-06-10 15:06:52,435 - DEBUG - Process-2 - 자율 주행 모드 비활성 또는 목표 없음. 전차 정지.
2025-06-10 15:06:52,539 - DEBUG - Process-2 - 자율 주행 모드 비활성 또는 목표 없음. 전차 정지.
2025-06-10 15:06:52,643 - DEBUG - Process-2 - 자율 주행 모드 비활성 또는 목표 없음. 전차 정지.
2025-06-10 15:06:52,746 - DEBUG - Process-2 - 자율 주행 모드 비활성 또는 목표 없음. 전차 정지.
2025-06-10 15:06:52,850 - DEBUG - Process-2 - 자율 주행 모드 비활성 또는 목표 없음. 전차 정지.
2025-06-10 15:06:52,959 - DEBUG - Process-2 - 자율 주행 모드 비활성 또는 목표 없음. 전차 정지.
2025-06-10 15:06:53,066 - DEBUG - Process-2 - 자율 주행 모드 비활성 또는 목표 없음. 전차 정지.
2025-06-10 15:06:53,179 - DEBUG - Process-2 - 자율 주행 모드 비활성 또는 목표 없음. 전차 정지.
2025-06-10 15:06:53,282 - DEBUG - Process-2 - 자율 주행 모드 비활성 또는 목표 없음. 전차 정지.
2025-06-10 15:06:53,385 - DEBUG - Process-2 - 자율 주행 모드 비활성 또는 목표 없음. 전차 정지.
2025-06-10 15:06:53,502 - DEBUG - Process-2 - 자율 주행 모드 비활성 또는 목표 없음. 전차 정지.
2025-06-10 15:06:53,605 - DEBUG - Process-2 - 자율 주행 모드 비활성 또는 목표 없음. 전차 정지.
2025-06-10 15:06:53,712 - DEBUG - Process-2 - 자율 주행 모드 비활성 또는 목표 없음. 전차 정지.
2025-06-10 15:06:53,852 - DEBUG - Process-2 - 자율 주행 모드 비활성 또는 목표 없음. 전차 정지.
2025-06-10 15:06:53,955 - DEBUG - Process-2 - 자율 주행 모드 비활성 또는 목표 없음. 전차 정지.
2025-06-10 15:06:54,058 - DEBUG - Process-2 - 자율 주행 모드 비활성 또는 목표 없음. 전차 정지.
2025-06-10 15:06:54,161 - DEBUG - Process-2 - 자율 주행 모드 비활성 또는 목표 없음. 전차 정지.
2025-06-10 15:06:54,264 - DEBUG - Process-2 - 자율 주행 모드 비활성 또는 목표 없음. 전차 정지.
2025-06-10 15:06:54,368 - DEBUG - Process-2 - 자율 주행 모드 비활성 또는 목표 없음. 전차 정지.
2025-06-10 15:06:54,471 - DEBUG - Process-2 - 자율 주행 모드 비활성 또는 목표 없음. 전차 정지.
2025-06-10 15:06:54,575 - DEBUG - Process-2 - 자율 주행 모드 비활성 또는 목표 없음. 전차 정지.
2025-06-10 15:06:54,679 - DEBUG - Process-2 - 자율 주행 모드 비활성 또는 목표 없음. 전차 정지.
2025-06-10 15:06:54,782 - DEBUG - Process-2 - 자율 주행 모드 비활성 또는 목표 없음. 전차 정지.
2025-06-10 15:06:54,885 - DEBUG - Process-2 - 자율 주행 모드 비활성 또는 목표 없음. 전차 정지.
2025-06-10 15:06:55,002 - DEBUG - Process-2 - 자율 주행 모드 비활성 또는 목표 없음. 전차 정지.
2025-06-10 15:06:55,105 - DEBUG - Process-2 - 자율 주행 모드 비활성 또는 목표 없음. 전차 정지.
2025-06-10 15:06:55,256 - DEBUG - Process-2 - 자율 주행 모드 비활성 또는 목표 없음. 전차 정지.
2025-06-10 15:06:55,360 - DEBUG - Process-2 - 자율 주행 모드 비활성 또는 목표 없음. 전차 정지.
2025-06-10 15:06:55,463 - DEBUG - Process-2 - 자율 주행 모드 비활성 또는 목표 없음. 전차 정지.
2025-06-10 15:06:55,567 - DEBUG - Process-2 - 자율 주행 모드 비활성 또는 목표 없음. 전차 정지.
2025-06-10 15:06:55,671 - DEBUG - Process-2 - 자율 주행 모드 비활성 또는 목표 없음. 전차 정지.
2025-06-10 15:06:55,774 - DEBUG - Process-2 - 자율 주행 모드 비활성 또는 목표 없음. 전차 정지.
2025-06-10 15:06:55,877 - DEBUG - Process-2 - 자율 주행 모드 비활성 또는 목표 없음. 전차 정지.
2025-06-10 15:06:55,981 - DEBUG - Process-2 - 자율 주행 모드 비활성 또는 목표 없음. 전차 정지.
2025-06-10 15:06:56,084 - DEBUG - Process-2 - 자율 주행 모드 비활성 또는 목표 없음. 전차 정지.
2025-06-10 15:06:56,188 - DEBUG - Process-2 - 자율 주행 모드 비활성 또는 목표 없음. 전차 정지.
2025-06-10 15:06:56,291 - DEBUG - Process-2 - 자율 주행 모드 비활성 또는 목표 없음. 전차 정지.
2025-06-10 15:06:56,396 - DEBUG - Process-2 - 자율 주행 모드 비활성 또는 목표 없음. 전차 정지.
2025-06-10 15:06:56,501 - DEBUG - Process-2 - 자율 주행 모드 비활성 또는 목표 없음. 전차 정지.
2025-06-10 15:06:56,604 - DEBUG - Process-2 - 자율 주행 모드 비활성 또는 목표 없음. 전차 정지.
2025-06-10 15:06:56,707 - DEBUG - Process-2 - 자율 주행 모드 비활성 또는 목표 없음. 전차 정지.
2025-06-10 15:06:56,860 - DEBUG - Process-2 - 자율 주행 모드 비활성 또는 목표 없음. 전차 정지.
2025-06-10 15:06:56,963 - DEBUG - Process-2 - 자율 주행 모드 비활성 또는 목표 없음. 전차 정지.
2025-06-10 15:06:57,067 - DEBUG - Process-2 - 자율 주행 모드 비활성 또는 목표 없음. 전차 정지.
2025-06-10 15:06:57,170 - DEBUG - Process-2 - 자율 주행 모드 비활성 또는 목표 없음. 전차 정지.
2025-06-10 15:06:57,274 - DEBUG - Process-2 - 자율 주행 모드 비활성 또는 목표 없음. 전차 정지.
2025-06-10 15:06:57,377 - DEBUG - Process-2 - 자율 주행 모드 비활성 또는 목표 없음. 전차 정지.
2025-06-10 15:06:57,480 - DEBUG - Process-2 - 자율 주행 모드 비활성 또는 목표 없음. 전차 정지.
2025-06-10 15:06:57,583 - DEBUG - Process-2 - 자율 주행 모드 비활성 또는 목표 없음. 전차 정지.
2025-06-10 15:06:57,686 - DEBUG - Process-2 - 자율 주행 모드 비활성 또는 목표 없음. 전차 정지.
2025-06-10 15:06:57,789 - DEBUG - Process-2 - 자율 주행 모드 비활성 또는 목표 없음. 전차 정지.
2025-06-10 15:06:57,893 - DEBUG - Process-2 - 자율 주행 모드 비활성 또는 목표 없음. 전차 정지.
2025-06-10 15:06:57,997 - DEBUG - Process-2 - 자율 주행 모드 비활성 또는 목표 없음. 전차 정지.
2025-06-10 15:06:58,121 - DEBUG - Process-2 - 자율 주행 모드 비활성 또는 목표 없음. 전차 정지.
2025-06-10 15:06:58,225 - DEBUG - Process-2 - 자율 주행 모드 비활성 또는 목표 없음. 전차 정지.
2025-06-10 15:06:58,328 - DEBUG - Process-2 - 자율 주행 모드 비활성 또는 목표 없음. 전차 정지.
2025-06-10 15:06:58,432 - DEBUG - Process-2 - 자율 주행 모드 비활성 또는 목표 없음. 전차 정지.
2025-06-10 15:06:58,535 - DEBUG - Process-2 - 자율 주행 모드 비활성 또는 목표 없음. 전차 정지.
2025-06-10 15:06:58,639 - DEBUG - Process-2 - 자율 주행 모드 비활성 또는 목표 없음. 전차 정지.
2025-06-10 15:06:58,743 - DEBUG - Process-2 - 자율 주행 모드 비활성 또는 목표 없음. 전차 정지.
2025-06-10 15:06:58,847 - DEBUG - Process-2 - 자율 주행 모드 비활성 또는 목표 없음. 전차 정지.
2025-06-10 15:06:58,950 - DEBUG - Process-2 - 자율 주행 모드 비활성 또는 목표 없음. 전차 정지.
2025-06-10 15:06:59,054 - DEBUG - Process-2 - 자율 주행 모드 비활성 또는 목표 없음. 전차 정지.
2025-06-10 15:06:59,162 - DEBUG - Process-2 - 자율 주행 모드 비활성 또는 목표 없음. 전차 정지.
2025-06-10 15:06:59,266 - DEBUG - Process-2 - 자율 주행 모드 비활성 또는 목표 없음. 전차 정지.
2025-06-10 15:06:59,370 - DEBUG - Process-2 - 자율 주행 모드 비활성 또는 목표 없음. 전차 정지.
2025-06-10 15:06:59,488 - DEBUG - Process-2 - 자율 주행 모드 비활성 또는 목표 없음. 전차 정지.
2025-06-10 15:06:59,591 - DEBUG - Process-2 - 자율 주행 모드 비활성 또는 목표 없음. 전차 정지.
2025-06-10 15:06:59,695 - DEBUG - Process-2 - 자율 주행 모드 비활성 또는 목표 없음. 전차 정지.
2025-06-10 15:06:59,817 - DEBUG - Process-2 - 자율 주행 모드 비활성 또는 목표 없음. 전차 정지.
2025-06-10 15:06:59,921 - DEBUG - Process-2 - 자율 주행 모드 비활성 또는 목표 없음. 전차 정지.
2025-06-10 15:07:00,024 - DEBUG - Process-2 - 자율 주행 모드 비활성 또는 목표 없음. 전차 정지.
2025-06-10 15:07:00,127 - DEBUG - Process-2 - 자율 주행 모드 비활성 또는 목표 없음. 전차 정지.
2025-06-10 15:07:00,231 - DEBUG - Process-2 - 자율 주행 모드 비활성 또는 목표 없음. 전차 정지.
2025-06-10 15:07:00,333 - DEBUG - Process-2 - 자율 주행 모드 비활성 또는 목표 없음. 전차 정지.
2025-06-10 15:07:00,437 - DEBUG - Process-2 - 자율 주행 모드 비활성 또는 목표 없음. 전차 정지.
2025-06-10 15:07:00,540 - DEBUG - Process-2 - 자율 주행 모드 비활성 또는 목표 없음. 전차 정지.
2025-06-10 15:07:00,643 - DEBUG - Process-2 - 자율 주행 모드 비활성 또는 목표 없음. 전차 정지.
2025-06-10 15:07:00,765 - DEBUG - Process-2 - 자율 주행 모드 비활성 또는 목표 없음. 전차 정지.
2025-06-10 15:07:00,868 - DEBUG - Process-2 - 자율 주행 모드 비활성 또는 목표 없음. 전차 정지.
2025-06-10 15:07:00,973 - DEBUG - Process-2 - 자율 주행 모드 비활성 또는 목표 없음. 전차 정지.
2025-06-10 15:07:01,077 - DEBUG - Process-2 - 자율 주행 모드 비활성 또는 목표 없음. 전차 정지.
2025-06-10 15:07:01,181 - DEBUG - Process-2 - 자율 주행 모드 비활성 또는 목표 없음. 전차 정지.
2025-06-10 15:07:01,292 - DEBUG - Process-2 - 자율 주행 모드 비활성 또는 목표 없음. 전차 정지.
2025-06-10 15:07:01,395 - DEBUG - Process-2 - 자율 주행 모드 비활성 또는 목표 없음. 전차 정지.
2025-06-10 15:07:01,499 - DEBUG - Process-2 - 자율 주행 모드 비활성 또는 목표 없음. 전차 정지.
2025-06-10 15:07:01,622 - DEBUG - Process-2 - 자율 주행 모드 비활성 또는 목표 없음. 전차 정지.
2025-06-10 15:07:01,725 - DEBUG - Process-2 - 자율 주행 모드 비활성 또는 목표 없음. 전차 정지.
2025-06-10 15:07:01,830 - DEBUG - Process-2 - 자율 주행 모드 비활성 또는 목표 없음. 전차 정지.
2025-06-10 15:07:01,934 - DEBUG - Process-2 - 자율 주행 모드 비활성 또는 목표 없음. 전차 정지.
2025-06-10 15:07:02,037 - DEBUG - Process-2 - 자율 주행 모드 비활성 또는 목표 없음. 전차 정지.
2025-06-10 15:07:02,143 - DEBUG - Process-2 - 자율 주행 모드 비활성 또는 목표 없음. 전차 정지.
2025-06-10 15:07:02,246 - DEBUG - Process-2 - 자율 주행 모드 비활성 또는 목표 없음. 전차 정지.
2025-06-10 15:07:02,393 - DEBUG - Process-2 - 자율 주행 모드 비활성 또는 목표 없음. 전차 정지.
2025-06-10 15:07:02,496 - DEBUG - Process-2 - 자율 주행 모드 비활성 또는 목표 없음. 전차 정지.
2025-06-10 15:07:02,600 - DEBUG - Process-2 - 자율 주행 모드 비활성 또는 목표 없음. 전차 정지.
2025-06-10 15:07:02,704 - DEBUG - Process-2 - 자율 주행 모드 비활성 또는 목표 없음. 전차 정지.
2025-06-10 15:07:02,808 - DEBUG - Process-2 - 자율 주행 모드 비활성 또는 목표 없음. 전차 정지.
2025-06-10 15:07:02,911 - DEBUG - Process-2 - 자율 주행 모드 비활성 또는 목표 없음. 전차 정지.
2025-06-10 15:07:03,014 - DEBUG - Process-2 - 자율 주행 모드 비활성 또는 목표 없음. 전차 정지.
2025-06-10 15:07:03,117 - DEBUG - Process-2 - 자율 주행 모드 비활성 또는 목표 없음. 전차 정지.
2025-06-10 15:07:03,233 - DEBUG - Process-2 - 자율 주행 모드 비활성 또는 목표 없음. 전차 정지.
2025-06-10 15:07:03,336 - DEBUG - Process-2 - 자율 주행 모드 비활성 또는 목표 없음. 전차 정지.
2025-06-10 15:07:03,440 - DEBUG - Process-2 - 자율 주행 모드 비활성 또는 목표 없음. 전차 정지.
2025-06-10 15:07:03,543 - DEBUG - Process-2 - 자율 주행 모드 비활성 또는 목표 없음. 전차 정지.
2025-06-10 15:07:03,646 - DEBUG - Process-2 - 자율 주행 모드 비활성 또는 목표 없음. 전차 정지.
2025-06-10 15:07:03,750 - DEBUG - Process-2 - 자율 주행 모드 비활성 또는 목표 없음. 전차 정지.
2025-06-10 15:07:03,853 - DEBUG - Process-2 - 자율 주행 모드 비활성 또는 목표 없음. 전차 정지.
2025-06-10 15:07:03,956 - DEBUG - Process-2 - 자율 주행 모드 비활성 또는 목표 없음. 전차 정지.
2025-06-10 15:07:04,068 - DEBUG - Process-2 - 자율 주행 모드 비활성 또는 목표 없음. 전차 정지.
2025-06-10 15:07:04,172 - DEBUG - Process-2 - 자율 주행 모드 비활성 또는 목표 없음. 전차 정지.
2025-06-10 15:07:04,275 - DEBUG - Process-2 - 자율 주행 모드 비활성 또는 목표 없음. 전차 정지.
2025-06-10 15:07:04,378 - DEBUG - Process-2 - 자율 주행 모드 비활성 또는 목표 없음. 전차 정지.
2025-06-10 15:07:04,481 - DEBUG - Process-2 - 자율 주행 모드 비활성 또는 목표 없음. 전차 정지.
2025-06-10 15:07:04,595 - DEBUG - Process-2 - 자율 주행 모드 비활성 또는 목표 없음. 전차 정지.
2025-06-10 15:07:04,711 - DEBUG - Process-2 - 자율 주행 모드 비활성 또는 목표 없음. 전차 정지.
2025-06-10 15:07:04,847 - DEBUG - Process-2 - 자율 주행 모드 비활성 또는 목표 없음. 전차 정지.
2025-06-10 15:07:04,950 - DEBUG - Process-2 - 자율 주행 모드 비활성 또는 목표 없음. 전차 정지.
2025-06-10 15:07:05,053 - DEBUG - Process-2 - 자율 주행 모드 비활성 또는 목표 없음. 전차 정지.
2025-06-10 15:07:05,156 - DEBUG - Process-2 - 자율 주행 모드 비활성 또는 목표 없음. 전차 정지.
2025-06-10 15:07:05,259 - DEBUG - Process-2 - 자율 주행 모드 비활성 또는 목표 없음. 전차 정지.
2025-06-10 15:07:05,363 - DEBUG - Process-2 - 자율 주행 모드 비활성 또는 목표 없음. 전차 정지.
2025-06-10 15:07:05,466 - DEBUG - Process-2 - 자율 주행 모드 비활성 또는 목표 없음. 전차 정지.
2025-06-10 15:07:05,570 - DEBUG - Process-2 - 자율 주행 모드 비활성 또는 목표 없음. 전차 정지.
2025-06-10 15:07:05,673 - DEBUG - Process-2 - 자율 주행 모드 비활성 또는 목표 없음. 전차 정지.
2025-06-10 15:07:05,776 - DEBUG - Process-2 - 자율 주행 모드 비활성 또는 목표 없음. 전차 정지.
2025-06-10 15:07:05,880 - DEBUG - Process-2 - 자율 주행 모드 비활성 또는 목표 없음. 전차 정지.
2025-06-10 15:07:05,983 - DEBUG - Process-2 - 자율 주행 모드 비활성 또는 목표 없음. 전차 정지.
2025-06-10 15:07:06,087 - DEBUG - Process-2 - 자율 주행 모드 비활성 또는 목표 없음. 전차 정지.
2025-06-10 15:07:06,226 - DEBUG - Process-2 - 자율 주행 모드 비활성 또는 목표 없음. 전차 정지.
2025-06-10 15:07:06,329 - DEBUG - Process-2 - 자율 주행 모드 비활성 또는 목표 없음. 전차 정지.
2025-06-10 15:07:06,432 - DEBUG - Process-2 - 자율 주행 모드 비활성 또는 목표 없음. 전차 정지.
2025-06-10 15:07:06,535 - DEBUG - Process-2 - 자율 주행 모드 비활성 또는 목표 없음. 전차 정지.
2025-06-10 15:07:06,639 - DEBUG - Process-2 - 자율 주행 모드 비활성 또는 목표 없음. 전차 정지.
2025-06-10 15:07:06,743 - DEBUG - Process-2 - 자율 주행 모드 비활성 또는 목표 없음. 전차 정지.
2025-06-10 15:07:06,846 - DEBUG - Process-2 - 자율 주행 모드 비활성 또는 목표 없음. 전차 정지.
2025-06-10 15:07:06,951 - DEBUG - Process-2 - 자율 주행 모드 비활성 또는 목표 없음. 전차 정지.
2025-06-10 15:07:07,058 - DEBUG - Process-2 - 자율 주행 모드 비활성 또는 목표 없음. 전차 정지.
2025-06-10 15:07:07,171 - DEBUG - Process-2 - 자율 주행 모드 비활성 또는 목표 없음. 전차 정지.
2025-06-10 15:07:07,274 - DEBUG - Process-2 - 자율 주행 모드 비활성 또는 목표 없음. 전차 정지.
2025-06-10 15:07:07,384 - DEBUG - Process-2 - 자율 주행 모드 비활성 또는 목표 없음. 전차 정지.
2025-06-10 15:07:07,487 - DEBUG - Process-2 - 자율 주행 모드 비활성 또는 목표 없음. 전차 정지.
2025-06-10 15:07:07,593 - DEBUG - Process-2 - 자율 주행 모드 비활성 또는 목표 없음. 전차 정지.
2025-06-10 15:07:07,730 - DEBUG - Process-2 - 자율 주행 모드 비활성 또는 목표 없음. 전차 정지.
2025-06-10 15:07:07,882 - DEBUG - Process-2 - 자율 주행 모드 비활성 또는 목표 없음. 전차 정지.
2025-06-10 15:07:07,985 - DEBUG - Process-2 - 자율 주행 모드 비활성 또는 목표 없음. 전차 정지.
2025-06-10 15:07:08,089 - DEBUG - Process-2 - 자율 주행 모드 비활성 또는 목표 없음. 전차 정지.
2025-06-10 15:07:08,192 - DEBUG - Process-2 - 자율 주행 모드 비활성 또는 목표 없음. 전차 정지.
2025-06-10 15:07:08,295 - DEBUG - Process-2 - 자율 주행 모드 비활성 또는 목표 없음. 전차 정지.
2025-06-10 15:07:08,398 - DEBUG - Process-2 - 자율 주행 모드 비활성 또는 목표 없음. 전차 정지.
2025-06-10 15:07:08,501 - DEBUG - Process-2 - 자율 주행 모드 비활성 또는 목표 없음. 전차 정지.
2025-06-10 15:07:08,605 - DEBUG - Process-2 - 자율 주행 모드 비활성 또는 목표 없음. 전차 정지.
2025-06-10 15:07:08,709 - DEBUG - Process-2 - 자율 주행 모드 비활성 또는 목표 없음. 전차 정지.
2025-06-10 15:07:08,814 - DEBUG - Process-2 - 자율 주행 모드 비활성 또는 목표 없음. 전차 정지.
2025-06-10 15:07:08,917 - DEBUG - Process-2 - 자율 주행 모드 비활성 또는 목표 없음. 전차 정지.
2025-06-10 15:07:09,021 - DEBUG - Process-2 - 자율 주행 모드 비활성 또는 목표 없음. 전차 정지.
2025-06-10 15:07:09,125 - DEBUG - Process-2 - 자율 주행 모드 비활성 또는 목표 없음. 전차 정지.
2025-06-10 15:07:09,228 - DEBUG - Process-2 - 자율 주행 모드 비활성 또는 목표 없음. 전차 정지.
2025-06-10 15:07:09,332 - DEBUG - Process-2 - 자율 주행 모드 비활성 또는 목표 없음. 전차 정지.
2025-06-10 15:07:09,435 - DEBUG - Process-2 - 자율 주행 모드 비활성 또는 목표 없음. 전차 정지.
2025-06-10 15:07:09,538 - DEBUG - Process-2 - 자율 주행 모드 비활성 또는 목표 없음. 전차 정지.
2025-06-10 15:07:09,641 - DEBUG - Process-2 - 자율 주행 모드 비활성 또는 목표 없음. 전차 정지.
2025-06-10 15:07:09,744 - DEBUG - Process-2 - 자율 주행 모드 비활성 또는 목표 없음. 전차 정지.
2025-06-10 15:07:09,847 - DEBUG - Process-2 - 자율 주행 모드 비활성 또는 목표 없음. 전차 정지.
2025-06-10 15:07:09,951 - DEBUG - Process-2 - 자율 주행 모드 비활성 또는 목표 없음. 전차 정지.
2025-06-10 15:07:10,054 - DEBUG - Process-2 - 자율 주행 모드 비활성 또는 목표 없음. 전차 정지.
2025-06-10 15:07:10,158 - DEBUG - Process-2 - 자율 주행 모드 비활성 또는 목표 없음. 전차 정지.
2025-06-10 15:07:10,261 - DEBUG - Process-2 - 자율 주행 모드 비활성 또는 목표 없음. 전차 정지.
2025-06-10 15:07:10,364 - DEBUG - Process-2 - 자율 주행 모드 비활성 또는 목표 없음. 전차 정지.
2025-06-10 15:07:10,476 - DEBUG - Process-2 - 자율 주행 모드 비활성 또는 목표 없음. 전차 정지.
2025-06-10 15:07:10,584 - DEBUG - Process-2 - 자율 주행 모드 비활성 또는 목표 없음. 전차 정지.
2025-06-10 15:07:10,690 - DEBUG - Process-2 - 자율 주행 모드 비활성 또는 목표 없음. 전차 정지.
2025-06-10 15:07:10,830 - DEBUG - Process-2 - 자율 주행 모드 비활성 또는 목표 없음. 전차 정지.
2025-06-10 15:07:10,933 - DEBUG - Process-2 - 자율 주행 모드 비활성 또는 목표 없음. 전차 정지.
2025-06-10 15:07:11,037 - DEBUG - Process-2 - 자율 주행 모드 비활성 또는 목표 없음. 전차 정지.
2025-06-10 15:07:11,141 - DEBUG - Process-2 - 자율 주행 모드 비활성 또는 목표 없음. 전차 정지.
2025-06-10 15:07:11,244 - DEBUG - Process-2 - 자율 주행 모드 비활성 또는 목표 없음. 전차 정지.
2025-06-10 15:07:11,347 - DEBUG - Process-2 - 자율 주행 모드 비활성 또는 목표 없음. 전차 정지.
2025-06-10 15:07:11,463 - DEBUG - Process-2 - 자율 주행 모드 비활성 또는 목표 없음. 전차 정지.
2025-06-10 15:07:11,567 - DEBUG - Process-2 - 자율 주행 모드 비활성 또는 목표 없음. 전차 정지.
2025-06-10 15:07:11,672 - DEBUG - Process-2 - 자율 주행 모드 비활성 또는 목표 없음. 전차 정지.
2025-06-10 15:07:11,775 - DEBUG - Process-2 - 자율 주행 모드 비활성 또는 목표 없음. 전차 정지.
2025-06-10 15:07:11,890 - DEBUG - Process-2 - 자율 주행 모드 비활성 또는 목표 없음. 전차 정지.
2025-06-10 15:07:12,003 - DEBUG - Process-2 - 자율 주행 모드 비활성 또는 목표 없음. 전차 정지.
2025-06-10 15:07:12,113 - DEBUG - Process-2 - 자율 주행 모드 비활성 또는 목표 없음. 전차 정지.
2025-06-10 15:07:12,216 - DEBUG - Process-2 - 자율 주행 모드 비활성 또는 목표 없음. 전차 정지.
2025-06-10 15:07:12,374 - DEBUG - Process-2 - 자율 주행 모드 비활성 또는 목표 없음. 전차 정지.
2025-06-10 15:07:12,477 - DEBUG - Process-2 - 자율 주행 모드 비활성 또는 목표 없음. 전차 정지.
2025-06-10 15:07:12,580 - DEBUG - Process-2 - 자율 주행 모드 비활성 또는 목표 없음. 전차 정지.
2025-06-10 15:07:12,684 - DEBUG - Process-2 - 자율 주행 모드 비활성 또는 목표 없음. 전차 정지.
2025-06-10 15:07:12,787 - DEBUG - Process-2 - 자율 주행 모드 비활성 또는 목표 없음. 전차 정지.
2025-06-10 15:07:12,891 - DEBUG - Process-2 - 자율 주행 모드 비활성 또는 목표 없음. 전차 정지.
2025-06-10 15:07:12,994 - DEBUG - Process-2 - 자율 주행 모드 비활성 또는 목표 없음. 전차 정지.
2025-06-10 15:07:13,098 - DEBUG - Process-2 - 자율 주행 모드 비활성 또는 목표 없음. 전차 정지.
2025-06-10 15:07:13,202 - DEBUG - Process-2 - 자율 주행 모드 비활성 또는 목표 없음. 전차 정지.
2025-06-10 15:07:13,306 - DEBUG - Process-2 - 자율 주행 모드 비활성 또는 목표 없음. 전차 정지.
2025-06-10 15:07:13,409 - DEBUG - Process-2 - 자율 주행 모드 비활성 또는 목표 없음. 전차 정지.
2025-06-10 15:07:13,512 - DEBUG - Process-2 - 자율 주행 모드 비활성 또는 목표 없음. 전차 정지.
2025-06-10 15:07:13,618 - DEBUG - Process-2 - 자율 주행 모드 비활성 또는 목표 없음. 전차 정지.
2025-06-10 15:07:13,722 - DEBUG - Process-2 - 자율 주행 모드 비활성 또는 목표 없음. 전차 정지.
2025-06-10 15:07:13,825 - DEBUG - Process-2 - 자율 주행 모드 비활성 또는 목표 없음. 전차 정지.
2025-06-10 15:07:13,930 - DEBUG - Process-2 - 자율 주행 모드 비활성 또는 목표 없음. 전차 정지.
2025-06-10 15:07:14,036 - DEBUG - Process-2 - 자율 주행 모드 비활성 또는 목표 없음. 전차 정지.
2025-06-10 15:07:14,146 - DEBUG - Process-2 - 자율 주행 모드 비활성 또는 목표 없음. 전차 정지.
2025-06-10 15:07:14,293 - DEBUG - Process-2 - 자율 주행 모드 비활성 또는 목표 없음. 전차 정지.
2025-06-10 15:07:14,396 - DEBUG - Process-2 - 자율 주행 모드 비활성 또는 목표 없음. 전차 정지.
2025-06-10 15:07:14,499 - DEBUG - Process-2 - 자율 주행 모드 비활성 또는 목표 없음. 전차 정지.
2025-06-10 15:07:14,603 - DEBUG - Process-2 - 자율 주행 모드 비활성 또는 목표 없음. 전차 정지.
2025-06-10 15:07:14,707 - DEBUG - Process-2 - 자율 주행 모드 비활성 또는 목표 없음. 전차 정지.
2025-06-10 15:07:14,810 - DEBUG - Process-2 - 자율 주행 모드 비활성 또는 목표 없음. 전차 정지.
2025-06-10 15:07:14,913 - DEBUG - Process-2 - 자율 주행 모드 비활성 또는 목표 없음. 전차 정지.
2025-06-10 15:07:15,017 - DEBUG - Process-2 - 자율 주행 모드 비활성 또는 목표 없음. 전차 정지.
2025-06-10 15:07:15,122 - DEBUG - Process-2 - 자율 주행 모드 비활성 또는 목표 없음. 전차 정지.
2025-06-10 15:07:15,228 - DEBUG - Process-2 - 자율 주행 모드 비활성 또는 목표 없음. 전차 정지.
2025-06-10 15:07:15,340 - DEBUG - Process-2 - 자율 주행 모드 비활성 또는 목표 없음. 전차 정지.
2025-06-10 15:07:15,449 - DEBUG - Process-2 - 자율 주행 모드 비활성 또는 목표 없음. 전차 정지.
2025-06-10 15:07:15,566 - DEBUG - Process-2 - 자율 주행 모드 비활성 또는 목표 없음. 전차 정지.
2025-06-10 15:07:15,728 - DEBUG - Process-2 - 자율 주행 모드 비활성 또는 목표 없음. 전차 정지.
2025-06-10 15:07:15,831 - DEBUG - Process-2 - 자율 주행 모드 비활성 또는 목표 없음. 전차 정지.
2025-06-10 15:07:15,934 - DEBUG - Process-2 - 자율 주행 모드 비활성 또는 목표 없음. 전차 정지.
2025-06-10 15:07:16,038 - DEBUG - Process-2 - 자율 주행 모드 비활성 또는 목표 없음. 전차 정지.
2025-06-10 15:07:16,141 - DEBUG - Process-2 - 자율 주행 모드 비활성 또는 목표 없음. 전차 정지.
2025-06-10 15:07:16,245 - DEBUG - Process-2 - 자율 주행 모드 비활성 또는 목표 없음. 전차 정지.
2025-06-10 15:07:16,393 - DEBUG - Process-2 - 자율 주행 모드 비활성 또는 목표 없음. 전차 정지.
2025-06-10 15:07:16,497 - DEBUG - Process-2 - 자율 주행 모드 비활성 또는 목표 없음. 전차 정지.
2025-06-10 15:07:16,600 - DEBUG - Process-2 - 자율 주행 모드 비활성 또는 목표 없음. 전차 정지.
2025-06-10 15:07:16,703 - DEBUG - Process-2 - 자율 주행 모드 비활성 또는 목표 없음. 전차 정지.
2025-06-10 15:07:16,808 - DEBUG - Process-2 - 자율 주행 모드 비활성 또는 목표 없음. 전차 정지.
2025-06-10 15:07:16,912 - DEBUG - Process-2 - 자율 주행 모드 비활성 또는 목표 없음. 전차 정지.
2025-06-10 15:07:17,015 - DEBUG - Process-2 - 자율 주행 모드 비활성 또는 목표 없음. 전차 정지.
2025-06-10 15:07:17,136 - DEBUG - Process-2 - 자율 주행 모드 비활성 또는 목표 없음. 전차 정지.
2025-06-10 15:07:17,240 - DEBUG - Process-2 - 자율 주행 모드 비활성 또는 목표 없음. 전차 정지.
2025-06-10 15:07:17,343 - DEBUG - Process-2 - 자율 주행 모드 비활성 또는 목표 없음. 전차 정지.
2025-06-10 15:07:17,446 - DEBUG - Process-2 - 자율 주행 모드 비활성 또는 목표 없음. 전차 정지.
2025-06-10 15:07:17,549 - DEBUG - Process-2 - 자율 주행 모드 비활성 또는 목표 없음. 전차 정지.
2025-06-10 15:07:17,652 - DEBUG - Process-2 - 자율 주행 모드 비활성 또는 목표 없음. 전차 정지.
2025-06-10 15:07:17,755 - DEBUG - Process-2 - 자율 주행 모드 비활성 또는 목표 없음. 전차 정지.
2025-06-10 15:07:17,858 - DEBUG - Process-2 - 자율 주행 모드 비활성 또는 목표 없음. 전차 정지.
2025-06-10 15:07:17,961 - DEBUG - Process-2 - 자율 주행 모드 비활성 또는 목표 없음. 전차 정지.
2025-06-10 15:07:18,073 - DEBUG - Process-2 - 자율 주행 모드 비활성 또는 목표 없음. 전차 정지.
2025-06-10 15:07:18,176 - DEBUG - Process-2 - 자율 주행 모드 비활성 또는 목표 없음. 전차 정지.
2025-06-10 15:07:18,344 - DEBUG - Process-2 - 자율 주행 모드 비활성 또는 목표 없음. 전차 정지.
2025-06-10 15:07:18,448 - DEBUG - Process-2 - 자율 주행 모드 비활성 또는 목표 없음. 전차 정지.
2025-06-10 15:07:18,569 - DEBUG - Process-2 - 자율 주행 모드 비활성 또는 목표 없음. 전차 정지.
2025-06-10 15:07:18,672 - DEBUG - Process-2 - 자율 주행 모드 비활성 또는 목표 없음. 전차 정지.
2025-06-10 15:07:18,776 - DEBUG - Process-2 - 자율 주행 모드 비활성 또는 목표 없음. 전차 정지.
2025-06-10 15:07:18,879 - DEBUG - Process-2 - 자율 주행 모드 비활성 또는 목표 없음. 전차 정지.
2025-06-10 15:07:18,983 - DEBUG - Process-2 - 자율 주행 모드 비활성 또는 목표 없음. 전차 정지.
2025-06-10 15:07:19,086 - DEBUG - Process-2 - 자율 주행 모드 비활성 또는 목표 없음. 전차 정지.
2025-06-10 15:07:19,189 - DEBUG - Process-2 - 자율 주행 모드 비활성 또는 목표 없음. 전차 정지.
2025-06-10 15:07:19,293 - DEBUG - Process-2 - 자율 주행 모드 비활성 또는 목표 없음. 전차 정지.
2025-06-10 15:07:19,396 - DEBUG - Process-2 - 자율 주행 모드 비활성 또는 목표 없음. 전차 정지.
2025-06-10 15:07:19,500 - DEBUG - Process-2 - 자율 주행 모드 비활성 또는 목표 없음. 전차 정지.
2025-06-10 15:07:19,603 - DEBUG - Process-2 - 자율 주행 모드 비활성 또는 목표 없음. 전차 정지.
2025-06-10 15:07:19,706 - DEBUG - Process-2 - 자율 주행 모드 비활성 또는 목표 없음. 전차 정지.
2025-06-10 15:07:19,810 - DEBUG - Process-2 - 자율 주행 모드 비활성 또는 목표 없음. 전차 정지.
2025-06-10 15:07:19,912 - DEBUG - Process-2 - 자율 주행 모드 비활성 또는 목표 없음. 전차 정지.
2025-06-10 15:07:20,029 - DEBUG - Process-2 - 자율 주행 모드 비활성 또는 목표 없음. 전차 정지.
2025-06-10 15:07:20,138 - DEBUG - Process-2 - 자율 주행 모드 비활성 또는 목표 없음. 전차 정지.
2025-06-10 15:07:20,278 - DEBUG - Process-2 - 자율 주행 모드 비활성 또는 목표 없음. 전차 정지.
2025-06-10 15:07:20,382 - DEBUG - Process-2 - 자율 주행 모드 비활성 또는 목표 없음. 전차 정지.
2025-06-10 15:07:20,485 - DEBUG - Process-2 - 자율 주행 모드 비활성 또는 목표 없음. 전차 정지.
2025-06-10 15:07:20,588 - DEBUG - Process-2 - 자율 주행 모드 비활성 또는 목표 없음. 전차 정지.
2025-06-10 15:07:20,693 - DEBUG - Process-2 - 자율 주행 모드 비활성 또는 목표 없음. 전차 정지.
2025-06-10 15:07:20,811 - DEBUG - Process-2 - 자율 주행 모드 비활성 또는 목표 없음. 전차 정지.
2025-06-10 15:07:20,915 - DEBUG - Process-2 - 자율 주행 모드 비활성 또는 목표 없음. 전차 정지.
2025-06-10 15:07:21,025 - DEBUG - Process-2 - 자율 주행 모드 비활성 또는 목표 없음. 전차 정지.
2025-06-10 15:07:21,129 - DEBUG - Process-2 - 자율 주행 모드 비활성 또는 목표 없음. 전차 정지.
2025-06-10 15:07:21,232 - DEBUG - Process-2 - 자율 주행 모드 비활성 또는 목표 없음. 전차 정지.
2025-06-10 15:07:21,335 - DEBUG - Process-2 - 자율 주행 모드 비활성 또는 목표 없음. 전차 정지.
2025-06-10 15:07:21,447 - DEBUG - Process-2 - 자율 주행 모드 비활성 또는 목표 없음. 전차 정지.
2025-06-10 15:07:21,556 - DEBUG - Process-2 - 자율 주행 모드 비활성 또는 목표 없음. 전차 정지.
2025-06-10 15:07:21,665 - DEBUG - Process-2 - 자율 주행 모드 비활성 또는 목표 없음. 전차 정지.
2025-06-10 15:07:21,778 - DEBUG - Process-2 - 자율 주행 모드 비활성 또는 목표 없음. 전차 정지.
2025-06-10 15:07:21,883 - DEBUG - Process-2 - 자율 주행 모드 비활성 또는 목표 없음. 전차 정지.
2025-06-10 15:07:22,052 - DEBUG - Process-2 - 자율 주행 모드 비활성 또는 목표 없음. 전차 정지.
2025-06-10 15:07:22,156 - DEBUG - Process-2 - 자율 주행 모드 비활성 또는 목표 없음. 전차 정지.
2025-06-10 15:07:22,259 - DEBUG - Process-2 - 자율 주행 모드 비활성 또는 목표 없음. 전차 정지.
2025-06-10 15:07:22,363 - DEBUG - Process-2 - 자율 주행 모드 비활성 또는 목표 없음. 전차 정지.
2025-06-10 15:07:22,466 - DEBUG - Process-2 - 자율 주행 모드 비활성 또는 목표 없음. 전차 정지.
2025-06-10 15:07:22,569 - DEBUG - Process-2 - 자율 주행 모드 비활성 또는 목표 없음. 전차 정지.
2025-06-10 15:07:22,673 - DEBUG - Process-2 - 자율 주행 모드 비활성 또는 목표 없음. 전차 정지.
2025-06-10 15:07:22,776 - DEBUG - Process-2 - 자율 주행 모드 비활성 또는 목표 없음. 전차 정지.
2025-06-10 15:07:22,879 - DEBUG - Process-2 - 자율 주행 모드 비활성 또는 목표 없음. 전차 정지.
2025-06-10 15:07:22,984 - DEBUG - Process-2 - 자율 주행 모드 비활성 또는 목표 없음. 전차 정지.
2025-06-10 15:07:23,103 - DEBUG - Process-2 - 자율 주행 모드 비활성 또는 목표 없음. 전차 정지.
2025-06-10 15:07:23,210 - DEBUG - Process-2 - 자율 주행 모드 비활성 또는 목표 없음. 전차 정지.
2025-06-10 15:07:23,330 - DEBUG - Process-2 - 자율 주행 모드 비활성 또는 목표 없음. 전차 정지.
2025-06-10 15:07:23,433 - DEBUG - Process-2 - 자율 주행 모드 비활성 또는 목표 없음. 전차 정지.
2025-06-10 15:07:23,549 - DEBUG - Process-2 - 자율 주행 모드 비활성 또는 목표 없음. 전차 정지.
2025-06-10 15:07:23,700 - DEBUG - Process-2 - 자율 주행 모드 비활성 또는 목표 없음. 전차 정지.
2025-06-10 15:07:23,804 - DEBUG - Process-2 - 자율 주행 모드 비활성 또는 목표 없음. 전차 정지.
2025-06-10 15:07:23,907 - DEBUG - Process-2 - 자율 주행 모드 비활성 또는 목표 없음. 전차 정지.
2025-06-10 15:07:24,011 - DEBUG - Process-2 - 자율 주행 모드 비활성 또는 목표 없음. 전차 정지.
2025-06-10 15:07:24,114 - DEBUG - Process-2 - 자율 주행 모드 비활성 또는 목표 없음. 전차 정지.
2025-06-10 15:07:24,217 - DEBUG - Process-2 - 자율 주행 모드 비활성 또는 목표 없음. 전차 정지.
2025-06-10 15:07:24,321 - DEBUG - Process-2 - 자율 주행 모드 비활성 또는 목표 없음. 전차 정지.
2025-06-10 15:07:24,424 - DEBUG - Process-2 - 자율 주행 모드 비활성 또는 목표 없음. 전차 정지.
2025-06-10 15:07:24,548 - DEBUG - Process-2 - 자율 주행 모드 비활성 또는 목표 없음. 전차 정지.
2025-06-10 15:07:24,651 - DEBUG - Process-2 - 자율 주행 모드 비활성 또는 목표 없음. 전차 정지.
2025-06-10 15:07:24,758 - DEBUG - Process-2 - 자율 주행 모드 비활성 또는 목표 없음. 전차 정지.
2025-06-10 15:07:24,864 - DEBUG - Process-2 - 자율 주행 모드 비활성 또는 목표 없음. 전차 정지.
2025-06-10 15:07:24,976 - DEBUG - Process-2 - 자율 주행 모드 비활성 또는 목표 없음. 전차 정지.
2025-06-10 15:07:25,080 - DEBUG - Process-2 - 자율 주행 모드 비활성 또는 목표 없음. 전차 정지.
2025-06-10 15:07:25,183 - DEBUG - Process-2 - 자율 주행 모드 비활성 또는 목표 없음. 전차 정지.
2025-06-10 15:07:25,286 - DEBUG - Process-2 - 자율 주행 모드 비활성 또는 목표 없음. 전차 정지.
2025-06-10 15:07:25,398 - DEBUG - Process-2 - 자율 주행 모드 비활성 또는 목표 없음. 전차 정지.
2025-06-10 15:07:25,512 - DEBUG - Process-2 - 자율 주행 모드 비활성 또는 목표 없음. 전차 정지.
2025-06-10 15:07:25,672 - DEBUG - Process-2 - 자율 주행 모드 비활성 또는 목표 없음. 전차 정지.
2025-06-10 15:07:25,776 - DEBUG - Process-2 - 자율 주행 모드 비활성 또는 목표 없음. 전차 정지.
2025-06-10 15:07:25,879 - DEBUG - Process-2 - 자율 주행 모드 비활성 또는 목표 없음. 전차 정지.
2025-06-10 15:07:25,983 - DEBUG - Process-2 - 자율 주행 모드 비활성 또는 목표 없음. 전차 정지.
2025-06-10 15:07:26,086 - DEBUG - Process-2 - 자율 주행 모드 비활성 또는 목표 없음. 전차 정지.
2025-06-10 15:07:26,187 - INFO - Process-2 - A* Pathfinder 초기화 완료 (맵: 300.0x300.0, 그리드: 5.0)
2025-06-10 15:07:26,188 - INFO - Process-2 - 🛠️ 시뮬레이션 초기화 (Action Worker)
2025-06-10 15:07:26,189 - INFO - Process-2 - A* Pathfinder에 장애물 정보 업데이트 요청 수신. 현재 A* 장애물 수: 0
2025-06-10 15:07:26,204 - INFO - Process-2 - A* Pathfinder에 장애물 정보 업데이트 요청 수신. 현재 A* 장애물 수: 53
2025-06-10 15:07:26,329 - DEBUG - Process-2 - 자율 주행 모드 비활성 또는 목표 없음. 전차 정지.
2025-06-10 15:07:26,432 - DEBUG - Process-2 - 자율 주행 모드 비활성 또는 목표 없음. 전차 정지.
2025-06-10 15:07:26,536 - DEBUG - Process-2 - 자율 주행 모드 비활성 또는 목표 없음. 전차 정지.
2025-06-10 15:07:26,639 - DEBUG - Process-2 - 자율 주행 모드 비활성 또는 목표 없음. 전차 정지.
2025-06-10 15:07:26,742 - DEBUG - Process-2 - 자율 주행 모드 비활성 또는 목표 없음. 전차 정지.
2025-06-10 15:07:26,845 - DEBUG - Process-2 - 자율 주행 모드 비활성 또는 목표 없음. 전차 정지.
2025-06-10 15:07:26,949 - DEBUG - Process-2 - 자율 주행 모드 비활성 또는 목표 없음. 전차 정지.
2025-06-10 15:07:27,052 - DEBUG - Process-2 - 자율 주행 모드 비활성 또는 목표 없음. 전차 정지.
2025-06-10 15:07:27,155 - DEBUG - Process-2 - 자율 주행 모드 비활성 또는 목표 없음. 전차 정지.
2025-06-10 15:07:27,267 - DEBUG - Process-2 - 자율 주행 모드 비활성 또는 목표 없음. 전차 정지.
2025-06-10 15:07:27,371 - DEBUG - Process-2 - 자율 주행 모드 비활성 또는 목표 없음. 전차 정지.
2025-06-10 15:07:27,475 - DEBUG - Process-2 - 자율 주행 모드 비활성 또는 목표 없음. 전차 정지.
2025-06-10 15:07:27,611 - DEBUG - Process-2 - 자율 주행 모드 비활성 또는 목표 없음. 전차 정지.
2025-06-10 15:07:27,714 - DEBUG - Process-2 - 자율 주행 모드 비활성 또는 목표 없음. 전차 정지.
2025-06-10 15:07:27,817 - DEBUG - Process-2 - 자율 주행 모드 비활성 또는 목표 없음. 전차 정지.
2025-06-10 15:07:27,920 - DEBUG - Process-2 - 자율 주행 모드 비활성 또는 목표 없음. 전차 정지.
2025-06-10 15:07:28,024 - DEBUG - Process-2 - 자율 주행 모드 비활성 또는 목표 없음. 전차 정지.
2025-06-10 15:07:28,127 - DEBUG - Process-2 - 자율 주행 모드 비활성 또는 목표 없음. 전차 정지.
2025-06-10 15:07:28,229 - DEBUG - Process-2 - 자율 주행 모드 비활성 또는 목표 없음. 전차 정지.
2025-06-10 15:07:28,333 - DEBUG - Process-2 - 자율 주행 모드 비활성 또는 목표 없음. 전차 정지.
2025-06-10 15:07:28,436 - DEBUG - Process-2 - 자율 주행 모드 비활성 또는 목표 없음. 전차 정지.
2025-06-10 15:07:28,538 - DEBUG - Process-2 - 자율 주행 모드 비활성 또는 목표 없음. 전차 정지.
2025-06-10 15:07:28,647 - DEBUG - Process-2 - 자율 주행 모드 비활성 또는 목표 없음. 전차 정지.
2025-06-10 15:07:28,753 - DEBUG - Process-2 - 자율 주행 모드 비활성 또는 목표 없음. 전차 정지.
2025-06-10 15:07:28,872 - DEBUG - Process-2 - 자율 주행 모드 비활성 또는 목표 없음. 전차 정지.
2025-06-10 15:07:28,976 - DEBUG - Process-2 - 자율 주행 모드 비활성 또는 목표 없음. 전차 정지.
2025-06-10 15:07:29,092 - DEBUG - Process-2 - 자율 주행 모드 비활성 또는 목표 없음. 전차 정지.
2025-06-10 15:07:29,195 - DEBUG - Process-2 - 자율 주행 모드 비활성 또는 목표 없음. 전차 정지.
2025-06-10 15:07:29,379 - DEBUG - Process-2 - 자율 주행 모드 비활성 또는 목표 없음. 전차 정지.
2025-06-10 15:07:29,482 - DEBUG - Process-2 - 자율 주행 모드 비활성 또는 목표 없음. 전차 정지.
2025-06-10 15:07:29,585 - DEBUG - Process-2 - 자율 주행 모드 비활성 또는 목표 없음. 전차 정지.
2025-06-10 15:07:29,690 - DEBUG - Process-2 - 자율 주행 모드 비활성 또는 목표 없음. 전차 정지.
2025-06-10 15:07:29,795 - DEBUG - Process-2 - 자율 주행 모드 비활성 또는 목표 없음. 전차 정지.
2025-06-10 15:07:29,898 - DEBUG - Process-2 - 자율 주행 모드 비활성 또는 목표 없음. 전차 정지.
2025-06-10 15:07:30,002 - DEBUG - Process-2 - 자율 주행 모드 비활성 또는 목표 없음. 전차 정지.
2025-06-10 15:07:30,105 - DEBUG - Process-2 - 자율 주행 모드 비활성 또는 목표 없음. 전차 정지.
2025-06-10 15:07:30,208 - DEBUG - Process-2 - 자율 주행 모드 비활성 또는 목표 없음. 전차 정지.
2025-06-10 15:07:30,311 - DEBUG - Process-2 - 자율 주행 모드 비활성 또는 목표 없음. 전차 정지.
2025-06-10 15:07:30,415 - DEBUG - Process-2 - 자율 주행 모드 비활성 또는 목표 없음. 전차 정지.
2025-06-10 15:07:30,518 - DEBUG - Process-2 - 자율 주행 모드 비활성 또는 목표 없음. 전차 정지.
2025-06-10 15:07:30,622 - DEBUG - Process-2 - 자율 주행 모드 비활성 또는 목표 없음. 전차 정지.
2025-06-10 15:07:30,725 - DEBUG - Process-2 - 자율 주행 모드 비활성 또는 목표 없음. 전차 정지.
2025-06-10 15:07:30,851 - DEBUG - Process-2 - 자율 주행 모드 비활성 또는 목표 없음. 전차 정지.
2025-06-10 15:07:30,955 - DEBUG - Process-2 - 자율 주행 모드 비활성 또는 목표 없음. 전차 정지.
2025-06-10 15:07:31,058 - DEBUG - Process-2 - 자율 주행 모드 비활성 또는 목표 없음. 전차 정지.
2025-06-10 15:07:31,161 - DEBUG - Process-2 - 자율 주행 모드 비활성 또는 목표 없음. 전차 정지.
2025-06-10 15:07:31,265 - DEBUG - Process-2 - 자율 주행 모드 비활성 또는 목표 없음. 전차 정지.
2025-06-10 15:07:31,377 - DEBUG - Process-2 - 자율 주행 모드 비활성 또는 목표 없음. 전차 정지.
2025-06-10 15:07:31,491 - DEBUG - Process-2 - 자율 주행 모드 비활성 또는 목표 없음. 전차 정지.
2025-06-10 15:07:31,595 - DEBUG - Process-2 - 자율 주행 모드 비활성 또는 목표 없음. 전차 정지.
2025-06-10 15:07:31,705 - DEBUG - Process-2 - 자율 주행 모드 비활성 또는 목표 없음. 전차 정지.
2025-06-10 15:07:31,808 - DEBUG - Process-2 - 자율 주행 모드 비활성 또는 목표 없음. 전차 정지.
2025-06-10 15:07:31,912 - DEBUG - Process-2 - 자율 주행 모드 비활성 또는 목표 없음. 전차 정지.
2025-06-10 15:07:32,015 - DEBUG - Process-2 - 자율 주행 모드 비활성 또는 목표 없음. 전차 정지.
2025-06-10 15:07:32,119 - DEBUG - Process-2 - 자율 주행 모드 비활성 또는 목표 없음. 전차 정지.
2025-06-10 15:07:32,258 - DEBUG - Process-2 - 자율 주행 모드 비활성 또는 목표 없음. 전차 정지.
2025-06-10 15:07:32,361 - DEBUG - Process-2 - 자율 주행 모드 비활성 또는 목표 없음. 전차 정지.
2025-06-10 15:07:32,464 - DEBUG - Process-2 - 자율 주행 모드 비활성 또는 목표 없음. 전차 정지.
2025-06-10 15:07:32,567 - DEBUG - Process-2 - 자율 주행 모드 비활성 또는 목표 없음. 전차 정지.
2025-06-10 15:07:32,671 - DEBUG - Process-2 - 자율 주행 모드 비활성 또는 목표 없음. 전차 정지.
2025-06-10 15:07:32,774 - DEBUG - Process-2 - 자율 주행 모드 비활성 또는 목표 없음. 전차 정지.
2025-06-10 15:07:32,877 - DEBUG - Process-2 - 자율 주행 모드 비활성 또는 목표 없음. 전차 정지.
2025-06-10 15:07:32,980 - DEBUG - Process-2 - 자율 주행 모드 비활성 또는 목표 없음. 전차 정지.
2025-06-10 15:07:33,084 - DEBUG - Process-2 - 자율 주행 모드 비활성 또는 목표 없음. 전차 정지.
2025-06-10 15:07:33,189 - DEBUG - Process-2 - 자율 주행 모드 비활성 또는 목표 없음. 전차 정지.
2025-06-10 15:07:33,292 - DEBUG - Process-2 - 자율 주행 모드 비활성 또는 목표 없음. 전차 정지.
2025-06-10 15:07:33,408 - DEBUG - Process-2 - 자율 주행 모드 비활성 또는 목표 없음. 전차 정지.
2025-06-10 15:07:33,521 - DEBUG - Process-2 - 자율 주행 모드 비활성 또는 목표 없음. 전차 정지.
2025-06-10 15:07:33,624 - DEBUG - Process-2 - 자율 주행 모드 비활성 또는 목표 없음. 전차 정지.
2025-06-10 15:07:33,735 - DEBUG - Process-2 - 자율 주행 모드 비활성 또는 목표 없음. 전차 정지.
2025-06-10 15:07:33,886 - DEBUG - Process-2 - 자율 주행 모드 비활성 또는 목표 없음. 전차 정지.
2025-06-10 15:07:33,990 - DEBUG - Process-2 - 자율 주행 모드 비활성 또는 목표 없음. 전차 정지.
2025-06-10 15:07:34,093 - DEBUG - Process-2 - 자율 주행 모드 비활성 또는 목표 없음. 전차 정지.
2025-06-10 15:07:34,196 - DEBUG - Process-2 - 자율 주행 모드 비활성 또는 목표 없음. 전차 정지.
2025-06-10 15:07:34,300 - DEBUG - Process-2 - 자율 주행 모드 비활성 또는 목표 없음. 전차 정지.
2025-06-10 15:07:34,403 - DEBUG - Process-2 - 자율 주행 모드 비활성 또는 목표 없음. 전차 정지.
2025-06-10 15:07:34,506 - DEBUG - Process-2 - 자율 주행 모드 비활성 또는 목표 없음. 전차 정지.
2025-06-10 15:07:34,610 - DEBUG - Process-2 - 자율 주행 모드 비활성 또는 목표 없음. 전차 정지.
2025-06-10 15:07:34,713 - DEBUG - Process-2 - 자율 주행 모드 비활성 또는 목표 없음. 전차 정지.
2025-06-10 15:07:34,817 - DEBUG - Process-2 - 자율 주행 모드 비활성 또는 목표 없음. 전차 정지.
2025-06-10 15:07:34,921 - DEBUG - Process-2 - 자율 주행 모드 비활성 또는 목표 없음. 전차 정지.
2025-06-10 15:07:35,025 - DEBUG - Process-2 - 자율 주행 모드 비활성 또는 목표 없음. 전차 정지.
2025-06-10 15:07:35,129 - DEBUG - Process-2 - 자율 주행 모드 비활성 또는 목표 없음. 전차 정지.
2025-06-10 15:07:35,232 - DEBUG - Process-2 - 자율 주행 모드 비활성 또는 목표 없음. 전차 정지.
2025-06-10 15:07:35,336 - DEBUG - Process-2 - 자율 주행 모드 비활성 또는 목표 없음. 전차 정지.
2025-06-10 15:07:35,443 - DEBUG - Process-2 - 자율 주행 모드 비활성 또는 목표 없음. 전차 정지.
2025-06-10 15:07:35,556 - DEBUG - Process-2 - 자율 주행 모드 비활성 또는 목표 없음. 전차 정지.
2025-06-10 15:07:35,660 - DEBUG - Process-2 - 자율 주행 모드 비활성 또는 목표 없음. 전차 정지.
2025-06-10 15:07:35,763 - DEBUG - Process-2 - 자율 주행 모드 비활성 또는 목표 없음. 전차 정지.
2025-06-10 15:07:35,909 - DEBUG - Process-2 - 자율 주행 모드 비활성 또는 목표 없음. 전차 정지.
2025-06-10 15:07:36,014 - DEBUG - Process-2 - 자율 주행 모드 비활성 또는 목표 없음. 전차 정지.
2025-06-10 15:07:36,118 - DEBUG - Process-2 - 자율 주행 모드 비활성 또는 목표 없음. 전차 정지.
2025-06-10 15:07:36,221 - DEBUG - Process-2 - 자율 주행 모드 비활성 또는 목표 없음. 전차 정지.
2025-06-10 15:07:36,325 - DEBUG - Process-2 - 자율 주행 모드 비활성 또는 목표 없음. 전차 정지.
2025-06-10 15:07:36,430 - DEBUG - Process-2 - 자율 주행 모드 비활성 또는 목표 없음. 전차 정지.
2025-06-10 15:07:36,534 - DEBUG - Process-2 - 자율 주행 모드 비활성 또는 목표 없음. 전차 정지.
2025-06-10 15:07:36,637 - DEBUG - Process-2 - 자율 주행 모드 비활성 또는 목표 없음. 전차 정지.
2025-06-10 15:07:36,740 - DEBUG - Process-2 - 자율 주행 모드 비활성 또는 목표 없음. 전차 정지.
2025-06-10 15:07:36,843 - DEBUG - Process-2 - 자율 주행 모드 비활성 또는 목표 없음. 전차 정지.
2025-06-10 15:07:36,946 - DEBUG - Process-2 - 자율 주행 모드 비활성 또는 목표 없음. 전차 정지.
2025-06-10 15:07:37,056 - DEBUG - Process-2 - 자율 주행 모드 비활성 또는 목표 없음. 전차 정지.
2025-06-10 15:07:37,163 - DEBUG - Process-2 - 자율 주행 모드 비활성 또는 목표 없음. 전차 정지.
2025-06-10 15:07:37,267 - DEBUG - Process-2 - 자율 주행 모드 비활성 또는 목표 없음. 전차 정지.
2025-06-10 15:07:37,418 - DEBUG - Process-2 - 자율 주행 모드 비활성 또는 목표 없음. 전차 정지.
2025-06-10 15:07:37,521 - DEBUG - Process-2 - 자율 주행 모드 비활성 또는 목표 없음. 전차 정지.
2025-06-10 15:07:37,624 - DEBUG - Process-2 - 자율 주행 모드 비활성 또는 목표 없음. 전차 정지.
2025-06-10 15:07:37,728 - DEBUG - Process-2 - 자율 주행 모드 비활성 또는 목표 없음. 전차 정지.
2025-06-10 15:07:37,881 - DEBUG - Process-2 - 자율 주행 모드 비활성 또는 목표 없음. 전차 정지.
2025-06-10 15:07:37,985 - DEBUG - Process-2 - 자율 주행 모드 비활성 또는 목표 없음. 전차 정지.
2025-06-10 15:07:38,088 - DEBUG - Process-2 - 자율 주행 모드 비활성 또는 목표 없음. 전차 정지.
2025-06-10 15:07:38,191 - DEBUG - Process-2 - 자율 주행 모드 비활성 또는 목표 없음. 전차 정지.
2025-06-10 15:07:38,295 - DEBUG - Process-2 - 자율 주행 모드 비활성 또는 목표 없음. 전차 정지.
2025-06-10 15:07:38,398 - DEBUG - Process-2 - 자율 주행 모드 비활성 또는 목표 없음. 전차 정지.
2025-06-10 15:07:40,474 - INFO - Process-2 - A* 경로 계산 및 단순화 완료: 원본 길이 34, 단순화 후 길이 3
2025-06-10 15:27:31,328 - INFO - Process-2 - 🚀 전차 목표 추적 시스템 (Action Worker) 시작
2025-06-10 15:27:31,343 - CRITICAL - Process-2 - DEBUG: Current effective log level for 'action_worker_process': 10
2025-06-10 15:27:50,417 - WARNING - Process-2 - A* Pathfinder가 초기화되지 않아 장애물 정보 업데이트 불가.
2025-06-10 15:27:50,424 - WARNING - Process-2 - A* Pathfinder가 초기화되지 않아 장애물 정보 업데이트 불가.
2025-06-10 15:27:57,550 - WARNING - Process-2 - A* Pathfinder가 초기화되지 않아 장애물 정보 업데이트 불가.
2025-06-10 15:27:57,554 - WARNING - Process-2 - A* Pathfinder가 초기화되지 않아 장애물 정보 업데이트 불가.
2025-06-10 15:27:57,561 - INFO - Process-2 - A* Pathfinder 초기화 완료 (맵: 300.0x300.0, 그리드: 5.0)
2025-06-10 15:27:57,561 - INFO - Process-2 - 🛠️ 시뮬레이션 초기화 (Action Worker)
2025-06-10 15:27:57,747 - DEBUG - Process-2 - 자율 주행 모드 비활성 또는 목표 없음. 전차 정지.
2025-06-10 15:27:57,851 - DEBUG - Process-2 - 자율 주행 모드 비활성 또는 목표 없음. 전차 정지.
2025-06-10 15:27:57,968 - DEBUG - Process-2 - 자율 주행 모드 비활성 또는 목표 없음. 전차 정지.
2025-06-10 15:27:58,071 - DEBUG - Process-2 - 자율 주행 모드 비활성 또는 목표 없음. 전차 정지.
2025-06-10 15:27:58,175 - DEBUG - Process-2 - 자율 주행 모드 비활성 또는 목표 없음. 전차 정지.
2025-06-10 15:27:58,282 - DEBUG - Process-2 - 자율 주행 모드 비활성 또는 목표 없음. 전차 정지.
2025-06-10 15:27:58,388 - DEBUG - Process-2 - 자율 주행 모드 비활성 또는 목표 없음. 전차 정지.
2025-06-10 15:27:58,508 - DEBUG - Process-2 - 자율 주행 모드 비활성 또는 목표 없음. 전차 정지.
2025-06-10 15:27:58,612 - DEBUG - Process-2 - 자율 주행 모드 비활성 또는 목표 없음. 전차 정지.
2025-06-10 15:27:58,715 - DEBUG - Process-2 - 자율 주행 모드 비활성 또는 목표 없음. 전차 정지.
2025-06-10 15:27:58,817 - DEBUG - Process-2 - 자율 주행 모드 비활성 또는 목표 없음. 전차 정지.
2025-06-10 15:27:58,974 - DEBUG - Process-2 - 자율 주행 모드 비활성 또는 목표 없음. 전차 정지.
2025-06-10 15:27:59,077 - DEBUG - Process-2 - 자율 주행 모드 비활성 또는 목표 없음. 전차 정지.
2025-06-10 15:27:59,181 - DEBUG - Process-2 - 자율 주행 모드 비활성 또는 목표 없음. 전차 정지.
2025-06-10 15:27:59,285 - DEBUG - Process-2 - 자율 주행 모드 비활성 또는 목표 없음. 전차 정지.
2025-06-10 15:27:59,388 - DEBUG - Process-2 - 자율 주행 모드 비활성 또는 목표 없음. 전차 정지.
2025-06-10 15:27:59,491 - DEBUG - Process-2 - 자율 주행 모드 비활성 또는 목표 없음. 전차 정지.
2025-06-10 15:27:59,594 - DEBUG - Process-2 - 자율 주행 모드 비활성 또는 목표 없음. 전차 정지.
2025-06-10 15:27:59,697 - DEBUG - Process-2 - 자율 주행 모드 비활성 또는 목표 없음. 전차 정지.
2025-06-10 15:27:59,800 - DEBUG - Process-2 - 자율 주행 모드 비활성 또는 목표 없음. 전차 정지.
2025-06-10 15:27:59,903 - DEBUG - Process-2 - 자율 주행 모드 비활성 또는 목표 없음. 전차 정지.
2025-06-10 15:28:00,006 - DEBUG - Process-2 - 자율 주행 모드 비활성 또는 목표 없음. 전차 정지.
2025-06-10 15:28:00,110 - DEBUG - Process-2 - 자율 주행 모드 비활성 또는 목표 없음. 전차 정지.
2025-06-10 15:28:00,232 - DEBUG - Process-2 - 자율 주행 모드 비활성 또는 목표 없음. 전차 정지.
2025-06-10 15:28:00,335 - DEBUG - Process-2 - 자율 주행 모드 비활성 또는 목표 없음. 전차 정지.
2025-06-10 15:28:00,438 - DEBUG - Process-2 - 자율 주행 모드 비활성 또는 목표 없음. 전차 정지.
2025-06-10 15:28:00,541 - DEBUG - Process-2 - 자율 주행 모드 비활성 또는 목표 없음. 전차 정지.
2025-06-10 15:28:00,644 - DEBUG - Process-2 - 자율 주행 모드 비활성 또는 목표 없음. 전차 정지.
2025-06-10 15:28:00,835 - DEBUG - Process-2 - 자율 주행 모드 비활성 또는 목표 없음. 전차 정지.
2025-06-10 15:28:00,937 - DEBUG - Process-2 - 자율 주행 모드 비활성 또는 목표 없음. 전차 정지.
2025-06-10 15:28:01,040 - DEBUG - Process-2 - 자율 주행 모드 비활성 또는 목표 없음. 전차 정지.
2025-06-10 15:28:01,144 - DEBUG - Process-2 - 자율 주행 모드 비활성 또는 목표 없음. 전차 정지.
2025-06-10 15:28:01,246 - DEBUG - Process-2 - 자율 주행 모드 비활성 또는 목표 없음. 전차 정지.
2025-06-10 15:28:01,352 - DEBUG - Process-2 - 자율 주행 모드 비활성 또는 목표 없음. 전차 정지.
2025-06-10 15:28:01,470 - DEBUG - Process-2 - 자율 주행 모드 비활성 또는 목표 없음. 전차 정지.
2025-06-10 15:28:01,572 - DEBUG - Process-2 - 자율 주행 모드 비활성 또는 목표 없음. 전차 정지.
2025-06-10 15:28:01,676 - DEBUG - Process-2 - 자율 주행 모드 비활성 또는 목표 없음. 전차 정지.
2025-06-10 15:28:01,780 - DEBUG - Process-2 - 자율 주행 모드 비활성 또는 목표 없음. 전차 정지.
2025-06-10 15:28:01,908 - DEBUG - Process-2 - 자율 주행 모드 비활성 또는 목표 없음. 전차 정지.
2025-06-10 15:28:02,011 - DEBUG - Process-2 - 자율 주행 모드 비활성 또는 목표 없음. 전차 정지.
2025-06-10 15:28:02,115 - DEBUG - Process-2 - 자율 주행 모드 비활성 또는 목표 없음. 전차 정지.
2025-06-10 15:28:02,218 - DEBUG - Process-2 - 자율 주행 모드 비활성 또는 목표 없음. 전차 정지.
2025-06-10 15:28:02,322 - DEBUG - Process-2 - 자율 주행 모드 비활성 또는 목표 없음. 전차 정지.
2025-06-10 15:28:02,425 - DEBUG - Process-2 - 자율 주행 모드 비활성 또는 목표 없음. 전차 정지.
2025-06-10 15:28:02,531 - DEBUG - Process-2 - 자율 주행 모드 비활성 또는 목표 없음. 전차 정지.
2025-06-10 15:28:02,649 - DEBUG - Process-2 - 자율 주행 모드 비활성 또는 목표 없음. 전차 정지.
2025-06-10 15:28:02,763 - DEBUG - Process-2 - 자율 주행 모드 비활성 또는 목표 없음. 전차 정지.
2025-06-10 15:28:02,866 - DEBUG - Process-2 - 자율 주행 모드 비활성 또는 목표 없음. 전차 정지.
2025-06-10 15:28:02,979 - DEBUG - Process-2 - 자율 주행 모드 비활성 또는 목표 없음. 전차 정지.
2025-06-10 15:28:03,084 - DEBUG - Process-2 - 자율 주행 모드 비활성 또는 목표 없음. 전차 정지.
2025-06-10 15:28:03,200 - DEBUG - Process-2 - 자율 주행 모드 비활성 또는 목표 없음. 전차 정지.
2025-06-10 15:28:03,308 - DEBUG - Process-2 - 자율 주행 모드 비활성 또는 목표 없음. 전차 정지.
2025-06-10 15:28:03,419 - DEBUG - Process-2 - 자율 주행 모드 비활성 또는 목표 없음. 전차 정지.
2025-06-10 15:28:03,523 - DEBUG - Process-2 - 자율 주행 모드 비활성 또는 목표 없음. 전차 정지.
2025-06-10 15:28:03,627 - DEBUG - Process-2 - 자율 주행 모드 비활성 또는 목표 없음. 전차 정지.
2025-06-10 15:28:03,731 - DEBUG - Process-2 - 자율 주행 모드 비활성 또는 목표 없음. 전차 정지.
2025-06-10 15:28:03,846 - DEBUG - Process-2 - 자율 주행 모드 비활성 또는 목표 없음. 전차 정지.
2025-06-10 15:28:03,950 - DEBUG - Process-2 - 자율 주행 모드 비활성 또는 목표 없음. 전차 정지.
2025-06-10 15:28:04,053 - DEBUG - Process-2 - 자율 주행 모드 비활성 또는 목표 없음. 전차 정지.
2025-06-10 15:28:04,159 - DEBUG - Process-2 - 자율 주행 모드 비활성 또는 목표 없음. 전차 정지.
2025-06-10 15:28:04,263 - DEBUG - Process-2 - 자율 주행 모드 비활성 또는 목표 없음. 전차 정지.
2025-06-10 15:28:04,367 - DEBUG - Process-2 - 자율 주행 모드 비활성 또는 목표 없음. 전차 정지.
2025-06-10 15:28:04,472 - DEBUG - Process-2 - 자율 주행 모드 비활성 또는 목표 없음. 전차 정지.
2025-06-10 15:28:04,575 - DEBUG - Process-2 - 자율 주행 모드 비활성 또는 목표 없음. 전차 정지.
2025-06-10 15:28:04,690 - DEBUG - Process-2 - 자율 주행 모드 비활성 또는 목표 없음. 전차 정지.
2025-06-10 15:28:04,796 - DEBUG - Process-2 - 자율 주행 모드 비활성 또는 목표 없음. 전차 정지.
2025-06-10 15:28:04,924 - DEBUG - Process-2 - 자율 주행 모드 비활성 또는 목표 없음. 전차 정지.
2025-06-10 15:28:05,027 - DEBUG - Process-2 - 자율 주행 모드 비활성 또는 목표 없음. 전차 정지.
2025-06-10 15:28:05,131 - DEBUG - Process-2 - 자율 주행 모드 비활성 또는 목표 없음. 전차 정지.
2025-06-10 15:28:05,259 - DEBUG - Process-2 - 자율 주행 모드 비활성 또는 목표 없음. 전차 정지.
2025-06-10 15:28:05,362 - DEBUG - Process-2 - 자율 주행 모드 비활성 또는 목표 없음. 전차 정지.
2025-06-10 15:28:05,493 - DEBUG - Process-2 - 자율 주행 모드 비활성 또는 목표 없음. 전차 정지.
2025-06-10 15:28:05,598 - DEBUG - Process-2 - 자율 주행 모드 비활성 또는 목표 없음. 전차 정지.
2025-06-10 15:28:05,743 - DEBUG - Process-2 - 자율 주행 모드 비활성 또는 목표 없음. 전차 정지.
2025-06-10 15:28:05,846 - DEBUG - Process-2 - 자율 주행 모드 비활성 또는 목표 없음. 전차 정지.
2025-06-10 15:28:05,966 - DEBUG - Process-2 - 자율 주행 모드 비활성 또는 목표 없음. 전차 정지.
2025-06-10 15:28:06,085 - DEBUG - Process-2 - 자율 주행 모드 비활성 또는 목표 없음. 전차 정지.
2025-06-10 15:28:06,205 - DEBUG - Process-2 - 자율 주행 모드 비활성 또는 목표 없음. 전차 정지.
2025-06-10 15:28:06,308 - DEBUG - Process-2 - 자율 주행 모드 비활성 또는 목표 없음. 전차 정지.
2025-06-10 15:28:06,448 - DEBUG - Process-2 - 자율 주행 모드 비활성 또는 목표 없음. 전차 정지.
2025-06-10 15:28:06,551 - DEBUG - Process-2 - 자율 주행 모드 비활성 또는 목표 없음. 전차 정지.
2025-06-10 15:28:06,661 - DEBUG - Process-2 - 자율 주행 모드 비활성 또는 목표 없음. 전차 정지.
2025-06-10 15:28:06,781 - DEBUG - Process-2 - 자율 주행 모드 비활성 또는 목표 없음. 전차 정지.
2025-06-10 15:28:06,884 - DEBUG - Process-2 - 자율 주행 모드 비활성 또는 목표 없음. 전차 정지.
2025-06-10 15:28:07,013 - DEBUG - Process-2 - 자율 주행 모드 비활성 또는 목표 없음. 전차 정지.
2025-06-10 15:28:07,116 - DEBUG - Process-2 - 자율 주행 모드 비활성 또는 목표 없음. 전차 정지.
2025-06-10 15:28:07,219 - DEBUG - Process-2 - 자율 주행 모드 비활성 또는 목표 없음. 전차 정지.
2025-06-10 15:28:07,322 - DEBUG - Process-2 - 자율 주행 모드 비활성 또는 목표 없음. 전차 정지.
2025-06-10 15:28:07,434 - DEBUG - Process-2 - 자율 주행 모드 비활성 또는 목표 없음. 전차 정지.
2025-06-10 15:28:11,816 - INFO - Process-2 - A* 경로 계산 및 단순화 완료: 원본 길이 48, 단순화 후 길이 3
2025-06-10 15:31:38,808 - INFO - Process-2 - 🚀 전차 목표 추적 시스템 (Action Worker) 시작
2025-06-10 15:31:38,819 - CRITICAL - Process-2 - DEBUG: Current effective log level for 'action_worker_process': 10
2025-06-10 15:31:45,008 - DEBUG - Process-2 - 자율 주행 모드 비활성 또는 목표 없음. 전차 정지.
2025-06-10 15:31:45,119 - DEBUG - Process-2 - 자율 주행 모드 비활성 또는 목표 없음. 전차 정지.
2025-06-10 15:31:45,232 - DEBUG - Process-2 - 자율 주행 모드 비활성 또는 목표 없음. 전차 정지.
2025-06-10 15:31:45,344 - DEBUG - Process-2 - 자율 주행 모드 비활성 또는 목표 없음. 전차 정지.
2025-06-10 15:31:45,451 - DEBUG - Process-2 - 자율 주행 모드 비활성 또는 목표 없음. 전차 정지.
2025-06-10 15:31:45,562 - DEBUG - Process-2 - 자율 주행 모드 비활성 또는 목표 없음. 전차 정지.
2025-06-10 15:31:45,670 - DEBUG - Process-2 - 자율 주행 모드 비활성 또는 목표 없음. 전차 정지.
2025-06-10 15:31:45,784 - DEBUG - Process-2 - 자율 주행 모드 비활성 또는 목표 없음. 전차 정지.
2025-06-10 15:31:45,903 - DEBUG - Process-2 - 자율 주행 모드 비활성 또는 목표 없음. 전차 정지.
2025-06-10 15:31:46,016 - DEBUG - Process-2 - 자율 주행 모드 비활성 또는 목표 없음. 전차 정지.
2025-06-10 15:31:46,135 - DEBUG - Process-2 - 자율 주행 모드 비활성 또는 목표 없음. 전차 정지.
2025-06-10 15:31:46,245 - DEBUG - Process-2 - 자율 주행 모드 비활성 또는 목표 없음. 전차 정지.
2025-06-10 15:31:46,488 - DEBUG - Process-2 - 자율 주행 모드 비활성 또는 목표 없음. 전차 정지.
2025-06-10 15:31:46,594 - DEBUG - Process-2 - 자율 주행 모드 비활성 또는 목표 없음. 전차 정지.
2025-06-10 15:31:46,709 - DEBUG - Process-2 - 자율 주행 모드 비활성 또는 목표 없음. 전차 정지.
2025-06-10 15:31:46,857 - DEBUG - Process-2 - 자율 주행 모드 비활성 또는 목표 없음. 전차 정지.
2025-06-10 15:31:46,962 - DEBUG - Process-2 - 자율 주행 모드 비활성 또는 목표 없음. 전차 정지.
2025-06-10 15:31:47,098 - DEBUG - Process-2 - 자율 주행 모드 비활성 또는 목표 없음. 전차 정지.
2025-06-10 15:31:47,203 - DEBUG - Process-2 - 자율 주행 모드 비활성 또는 목표 없음. 전차 정지.
2025-06-10 15:31:47,307 - DEBUG - Process-2 - 자율 주행 모드 비활성 또는 목표 없음. 전차 정지.
2025-06-10 15:31:47,413 - DEBUG - Process-2 - 자율 주행 모드 비활성 또는 목표 없음. 전차 정지.
2025-06-10 15:31:47,536 - DEBUG - Process-2 - 자율 주행 모드 비활성 또는 목표 없음. 전차 정지.
2025-06-10 15:31:47,640 - DEBUG - Process-2 - 자율 주행 모드 비활성 또는 목표 없음. 전차 정지.
2025-06-10 15:31:47,745 - DEBUG - Process-2 - 자율 주행 모드 비활성 또는 목표 없음. 전차 정지.
2025-06-10 15:31:47,879 - DEBUG - Process-2 - 자율 주행 모드 비활성 또는 목표 없음. 전차 정지.
2025-06-10 15:31:48,054 - DEBUG - Process-2 - 자율 주행 모드 비활성 또는 목표 없음. 전차 정지.
2025-06-10 15:31:48,209 - DEBUG - Process-2 - 자율 주행 모드 비활성 또는 목표 없음. 전차 정지.
2025-06-10 15:31:48,327 - DEBUG - Process-2 - 자율 주행 모드 비활성 또는 목표 없음. 전차 정지.
2025-06-10 15:31:48,560 - DEBUG - Process-2 - 자율 주행 모드 비활성 또는 목표 없음. 전차 정지.
2025-06-10 15:31:48,665 - DEBUG - Process-2 - 자율 주행 모드 비활성 또는 목표 없음. 전차 정지.
2025-06-10 15:31:48,769 - DEBUG - Process-2 - 자율 주행 모드 비활성 또는 목표 없음. 전차 정지.
2025-06-10 15:31:48,873 - DEBUG - Process-2 - 자율 주행 모드 비활성 또는 목표 없음. 전차 정지.
2025-06-10 15:31:48,978 - DEBUG - Process-2 - 자율 주행 모드 비활성 또는 목표 없음. 전차 정지.
2025-06-10 15:31:49,082 - DEBUG - Process-2 - 자율 주행 모드 비활성 또는 목표 없음. 전차 정지.
2025-06-10 15:31:49,187 - DEBUG - Process-2 - 자율 주행 모드 비활성 또는 목표 없음. 전차 정지.
2025-06-10 15:31:49,290 - DEBUG - Process-2 - 자율 주행 모드 비활성 또는 목표 없음. 전차 정지.
2025-06-10 15:31:49,392 - INFO - Process-2 - A* Pathfinder 초기화 완료 (맵: 300.0x300.0, 그리드: 5.0)
2025-06-10 15:31:49,392 - INFO - Process-2 - 🛠️ 시뮬레이션 초기화 (Action Worker)
2025-06-10 15:31:49,407 - INFO - Process-2 - A* Pathfinder에 장애물 정보 업데이트 요청 수신. 현재 A* 장애물 수: 66
2025-06-10 15:31:49,410 - INFO - Process-2 - A* Pathfinder에 장애물 정보 업데이트 요청 수신. 현재 A* 장애물 수: 0
2025-06-10 15:31:49,533 - DEBUG - Process-2 - 자율 주행 모드 비활성 또는 목표 없음. 전차 정지.
2025-06-10 15:31:49,637 - DEBUG - Process-2 - 자율 주행 모드 비활성 또는 목표 없음. 전차 정지.
2025-06-10 15:31:49,747 - DEBUG - Process-2 - 자율 주행 모드 비활성 또는 목표 없음. 전차 정지.
2025-06-10 15:31:49,852 - DEBUG - Process-2 - 자율 주행 모드 비활성 또는 목표 없음. 전차 정지.
2025-06-10 15:31:49,960 - DEBUG - Process-2 - 자율 주행 모드 비활성 또는 목표 없음. 전차 정지.
2025-06-10 15:31:50,124 - DEBUG - Process-2 - 자율 주행 모드 비활성 또는 목표 없음. 전차 정지.
2025-06-10 15:31:50,242 - DEBUG - Process-2 - 자율 주행 모드 비활성 또는 목표 없음. 전차 정지.
2025-06-10 15:31:50,346 - DEBUG - Process-2 - 자율 주행 모드 비활성 또는 목표 없음. 전차 정지.
2025-06-10 15:31:50,450 - DEBUG - Process-2 - 자율 주행 모드 비활성 또는 목표 없음. 전차 정지.
2025-06-10 15:31:50,555 - DEBUG - Process-2 - 자율 주행 모드 비활성 또는 목표 없음. 전차 정지.
2025-06-10 15:31:50,659 - DEBUG - Process-2 - 자율 주행 모드 비활성 또는 목표 없음. 전차 정지.
2025-06-10 15:31:50,763 - DEBUG - Process-2 - 자율 주행 모드 비활성 또는 목표 없음. 전차 정지.
2025-06-10 15:31:50,874 - DEBUG - Process-2 - 자율 주행 모드 비활성 또는 목표 없음. 전차 정지.
2025-06-10 15:31:50,978 - DEBUG - Process-2 - 자율 주행 모드 비활성 또는 목표 없음. 전차 정지.
2025-06-10 15:31:51,117 - DEBUG - Process-2 - 자율 주행 모드 비활성 또는 목표 없음. 전차 정지.
2025-06-10 15:31:51,224 - DEBUG - Process-2 - 자율 주행 모드 비활성 또는 목표 없음. 전차 정지.
2025-06-10 15:31:51,329 - DEBUG - Process-2 - 자율 주행 모드 비활성 또는 목표 없음. 전차 정지.
2025-06-10 15:31:51,433 - DEBUG - Process-2 - 자율 주행 모드 비활성 또는 목표 없음. 전차 정지.
2025-06-10 15:31:51,610 - DEBUG - Process-2 - 자율 주행 모드 비활성 또는 목표 없음. 전차 정지.
2025-06-10 15:31:51,714 - DEBUG - Process-2 - 자율 주행 모드 비활성 또는 목표 없음. 전차 정지.
2025-06-10 15:31:51,818 - DEBUG - Process-2 - 자율 주행 모드 비활성 또는 목표 없음. 전차 정지.
2025-06-10 15:31:51,922 - DEBUG - Process-2 - 자율 주행 모드 비활성 또는 목표 없음. 전차 정지.
2025-06-10 15:31:52,025 - DEBUG - Process-2 - 자율 주행 모드 비활성 또는 목표 없음. 전차 정지.
2025-06-10 15:31:52,129 - DEBUG - Process-2 - 자율 주행 모드 비활성 또는 목표 없음. 전차 정지.
2025-06-10 15:31:52,233 - DEBUG - Process-2 - 자율 주행 모드 비활성 또는 목표 없음. 전차 정지.
2025-06-10 15:31:52,336 - DEBUG - Process-2 - 자율 주행 모드 비활성 또는 목표 없음. 전차 정지.
2025-06-10 15:31:52,441 - DEBUG - Process-2 - 자율 주행 모드 비활성 또는 목표 없음. 전차 정지.
2025-06-10 15:31:52,545 - DEBUG - Process-2 - 자율 주행 모드 비활성 또는 목표 없음. 전차 정지.
2025-06-10 15:31:52,648 - DEBUG - Process-2 - 자율 주행 모드 비활성 또는 목표 없음. 전차 정지.
2025-06-10 15:31:52,752 - DEBUG - Process-2 - 자율 주행 모드 비활성 또는 목표 없음. 전차 정지.
2025-06-10 15:31:52,856 - DEBUG - Process-2 - 자율 주행 모드 비활성 또는 목표 없음. 전차 정지.
2025-06-10 15:31:52,960 - DEBUG - Process-2 - 자율 주행 모드 비활성 또는 목표 없음. 전차 정지.
2025-06-10 15:31:53,064 - DEBUG - Process-2 - 자율 주행 모드 비활성 또는 목표 없음. 전차 정지.
2025-06-10 15:31:53,168 - DEBUG - Process-2 - 자율 주행 모드 비활성 또는 목표 없음. 전차 정지.
2025-06-10 15:31:53,271 - DEBUG - Process-2 - 자율 주행 모드 비활성 또는 목표 없음. 전차 정지.
2025-06-10 15:31:53,375 - DEBUG - Process-2 - 자율 주행 모드 비활성 또는 목표 없음. 전차 정지.
2025-06-10 15:31:53,479 - DEBUG - Process-2 - 자율 주행 모드 비활성 또는 목표 없음. 전차 정지.
2025-06-10 15:31:53,583 - DEBUG - Process-2 - 자율 주행 모드 비활성 또는 목표 없음. 전차 정지.
2025-06-10 15:31:53,700 - DEBUG - Process-2 - 자율 주행 모드 비활성 또는 목표 없음. 전차 정지.
2025-06-10 15:31:53,804 - DEBUG - Process-2 - 자율 주행 모드 비활성 또는 목표 없음. 전차 정지.
2025-06-10 15:31:53,951 - DEBUG - Process-2 - 자율 주행 모드 비활성 또는 목표 없음. 전차 정지.
2025-06-10 15:31:54,055 - DEBUG - Process-2 - 자율 주행 모드 비활성 또는 목표 없음. 전차 정지.
2025-06-10 15:31:54,158 - DEBUG - Process-2 - 자율 주행 모드 비활성 또는 목표 없음. 전차 정지.
2025-06-10 15:31:54,262 - DEBUG - Process-2 - 자율 주행 모드 비활성 또는 목표 없음. 전차 정지.
2025-06-10 15:31:54,366 - DEBUG - Process-2 - 자율 주행 모드 비활성 또는 목표 없음. 전차 정지.
2025-06-10 15:31:54,470 - DEBUG - Process-2 - 자율 주행 모드 비활성 또는 목표 없음. 전차 정지.
2025-06-10 15:31:54,574 - DEBUG - Process-2 - 자율 주행 모드 비활성 또는 목표 없음. 전차 정지.
2025-06-10 15:31:54,678 - DEBUG - Process-2 - 자율 주행 모드 비활성 또는 목표 없음. 전차 정지.
2025-06-10 15:31:54,781 - DEBUG - Process-2 - 자율 주행 모드 비활성 또는 목표 없음. 전차 정지.
2025-06-10 15:31:54,885 - DEBUG - Process-2 - 자율 주행 모드 비활성 또는 목표 없음. 전차 정지.
2025-06-10 15:31:54,989 - DEBUG - Process-2 - 자율 주행 모드 비활성 또는 목표 없음. 전차 정지.
2025-06-10 15:31:55,094 - DEBUG - Process-2 - 자율 주행 모드 비활성 또는 목표 없음. 전차 정지.
2025-06-10 15:31:55,198 - DEBUG - Process-2 - 자율 주행 모드 비활성 또는 목표 없음. 전차 정지.
2025-06-10 15:31:55,302 - DEBUG - Process-2 - 자율 주행 모드 비활성 또는 목표 없음. 전차 정지.
2025-06-10 15:31:55,406 - DEBUG - Process-2 - 자율 주행 모드 비활성 또는 목표 없음. 전차 정지.
2025-06-10 15:31:55,546 - DEBUG - Process-2 - 자율 주행 모드 비활성 또는 목표 없음. 전차 정지.
2025-06-10 15:31:55,650 - DEBUG - Process-2 - 자율 주행 모드 비활성 또는 목표 없음. 전차 정지.
2025-06-10 15:31:55,755 - DEBUG - Process-2 - 자율 주행 모드 비활성 또는 목표 없음. 전차 정지.
2025-06-10 15:31:55,859 - DEBUG - Process-2 - 자율 주행 모드 비활성 또는 목표 없음. 전차 정지.
2025-06-10 15:31:56,021 - DEBUG - Process-2 - 자율 주행 모드 비활성 또는 목표 없음. 전차 정지.
2025-06-10 15:31:56,125 - DEBUG - Process-2 - 자율 주행 모드 비활성 또는 목표 없음. 전차 정지.
2025-06-10 15:31:56,229 - DEBUG - Process-2 - 자율 주행 모드 비활성 또는 목표 없음. 전차 정지.
2025-06-10 15:31:56,332 - DEBUG - Process-2 - 자율 주행 모드 비활성 또는 목표 없음. 전차 정지.
2025-06-10 15:31:56,436 - DEBUG - Process-2 - 자율 주행 모드 비활성 또는 목표 없음. 전차 정지.
2025-06-10 15:31:56,540 - DEBUG - Process-2 - 자율 주행 모드 비활성 또는 목표 없음. 전차 정지.
2025-06-10 15:31:56,644 - DEBUG - Process-2 - 자율 주행 모드 비활성 또는 목표 없음. 전차 정지.
2025-06-10 15:31:56,748 - DEBUG - Process-2 - 자율 주행 모드 비활성 또는 목표 없음. 전차 정지.
2025-06-10 15:31:56,852 - DEBUG - Process-2 - 자율 주행 모드 비활성 또는 목표 없음. 전차 정지.
2025-06-10 15:31:56,957 - DEBUG - Process-2 - 자율 주행 모드 비활성 또는 목표 없음. 전차 정지.
2025-06-10 15:31:57,070 - DEBUG - Process-2 - 자율 주행 모드 비활성 또는 목표 없음. 전차 정지.
2025-06-10 15:31:57,174 - DEBUG - Process-2 - 자율 주행 모드 비활성 또는 목표 없음. 전차 정지.
2025-06-10 15:31:57,277 - DEBUG - Process-2 - 자율 주행 모드 비활성 또는 목표 없음. 전차 정지.
2025-06-10 15:31:57,381 - DEBUG - Process-2 - 자율 주행 모드 비활성 또는 목표 없음. 전차 정지.
2025-06-10 15:31:57,484 - DEBUG - Process-2 - 자율 주행 모드 비활성 또는 목표 없음. 전차 정지.
2025-06-10 15:31:57,588 - DEBUG - Process-2 - 자율 주행 모드 비활성 또는 목표 없음. 전차 정지.
2025-06-10 15:31:57,692 - DEBUG - Process-2 - 자율 주행 모드 비활성 또는 목표 없음. 전차 정지.
2025-06-10 15:31:57,804 - DEBUG - Process-2 - 자율 주행 모드 비활성 또는 목표 없음. 전차 정지.
2025-06-10 15:31:57,908 - DEBUG - Process-2 - 자율 주행 모드 비활성 또는 목표 없음. 전차 정지.
2025-06-10 15:31:58,012 - DEBUG - Process-2 - 자율 주행 모드 비활성 또는 목표 없음. 전차 정지.
2025-06-10 15:31:58,148 - DEBUG - Process-2 - 자율 주행 모드 비활성 또는 목표 없음. 전차 정지.
2025-06-10 15:31:58,253 - DEBUG - Process-2 - 자율 주행 모드 비활성 또는 목표 없음. 전차 정지.
2025-06-10 15:31:58,408 - DEBUG - Process-2 - 자율 주행 모드 비활성 또는 목표 없음. 전차 정지.
2025-06-10 15:31:58,512 - DEBUG - Process-2 - 자율 주행 모드 비활성 또는 목표 없음. 전차 정지.
2025-06-10 15:31:58,616 - DEBUG - Process-2 - 자율 주행 모드 비활성 또는 목표 없음. 전차 정지.
2025-06-10 15:31:58,742 - DEBUG - Process-2 - 자율 주행 모드 비활성 또는 목표 없음. 전차 정지.
2025-06-10 15:31:58,849 - DEBUG - Process-2 - 자율 주행 모드 비활성 또는 목표 없음. 전차 정지.
2025-06-10 15:31:58,986 - DEBUG - Process-2 - 자율 주행 모드 비활성 또는 목표 없음. 전차 정지.
2025-06-10 15:31:59,100 - DEBUG - Process-2 - 자율 주행 모드 비활성 또는 목표 없음. 전차 정지.
2025-06-10 15:31:59,274 - DEBUG - Process-2 - 자율 주행 모드 비활성 또는 목표 없음. 전차 정지.
2025-06-10 15:31:59,378 - DEBUG - Process-2 - 자율 주행 모드 비활성 또는 목표 없음. 전차 정지.
2025-06-10 15:31:59,481 - DEBUG - Process-2 - 자율 주행 모드 비활성 또는 목표 없음. 전차 정지.
2025-06-10 15:31:59,586 - DEBUG - Process-2 - 자율 주행 모드 비활성 또는 목표 없음. 전차 정지.
2025-06-10 15:31:59,690 - DEBUG - Process-2 - 자율 주행 모드 비활성 또는 목표 없음. 전차 정지.
2025-06-10 15:31:59,845 - DEBUG - Process-2 - 자율 주행 모드 비활성 또는 목표 없음. 전차 정지.
2025-06-10 15:31:59,949 - DEBUG - Process-2 - 자율 주행 모드 비활성 또는 목표 없음. 전차 정지.
2025-06-10 15:32:01,766 - INFO - Process-2 - A* 경로 계산 및 단순화 완료: 원본 길이 35, 단순화 후 길이 2
2025-06-10 15:44:32,660 - INFO - Process-2 - 🚀 전차 목표 추적 시스템 (Action Worker) 시작
2025-06-10 15:44:32,664 - CRITICAL - Process-2 - DEBUG: Current effective log level for 'action_worker_process': 10
2025-06-10 15:44:39,017 - WARNING - Process-2 - A* Pathfinder가 초기화되지 않아 장애물 정보 업데이트 불가.
2025-06-10 15:44:39,024 - WARNING - Process-2 - A* Pathfinder가 초기화되지 않아 장애물 정보 업데이트 불가.
2025-06-10 15:44:39,027 - INFO - Process-2 - A* Pathfinder 초기화 완료 (맵: 300.0x300.0, 그리드: 5.0)
2025-06-10 15:44:39,027 - INFO - Process-2 - 🛠️ 시뮬레이션 초기화 (Action Worker)
2025-06-10 15:44:39,184 - DEBUG - Process-2 - 자율 주행 모드 비활성 또는 목표 없음. 전차 정지.
2025-06-10 15:44:39,298 - DEBUG - Process-2 - 자율 주행 모드 비활성 또는 목표 없음. 전차 정지.
2025-06-10 15:44:39,414 - DEBUG - Process-2 - 자율 주행 모드 비활성 또는 목표 없음. 전차 정지.
2025-06-10 15:44:39,540 - DEBUG - Process-2 - 자율 주행 모드 비활성 또는 목표 없음. 전차 정지.
2025-06-10 15:44:39,664 - DEBUG - Process-2 - 자율 주행 모드 비활성 또는 목표 없음. 전차 정지.
2025-06-10 15:44:39,785 - DEBUG - Process-2 - 자율 주행 모드 비활성 또는 목표 없음. 전차 정지.
2025-06-10 15:44:39,889 - DEBUG - Process-2 - 자율 주행 모드 비활성 또는 목표 없음. 전차 정지.
2025-06-10 15:44:39,994 - DEBUG - Process-2 - 자율 주행 모드 비활성 또는 목표 없음. 전차 정지.
2025-06-10 15:44:40,098 - DEBUG - Process-2 - 자율 주행 모드 비활성 또는 목표 없음. 전차 정지.
2025-06-10 15:44:40,308 - DEBUG - Process-2 - 자율 주행 모드 비활성 또는 목표 없음. 전차 정지.
2025-06-10 15:44:40,413 - DEBUG - Process-2 - 자율 주행 모드 비활성 또는 목표 없음. 전차 정지.
2025-06-10 15:44:40,526 - DEBUG - Process-2 - 자율 주행 모드 비활성 또는 목표 없음. 전차 정지.
2025-06-10 15:44:40,630 - DEBUG - Process-2 - 자율 주행 모드 비활성 또는 목표 없음. 전차 정지.
2025-06-10 15:44:40,765 - DEBUG - Process-2 - 자율 주행 모드 비활성 또는 목표 없음. 전차 정지.
2025-06-10 15:44:40,881 - DEBUG - Process-2 - 자율 주행 모드 비활성 또는 목표 없음. 전차 정지.
2025-06-10 15:44:41,069 - DEBUG - Process-2 - 자율 주행 모드 비활성 또는 목표 없음. 전차 정지.
2025-06-10 15:44:41,174 - DEBUG - Process-2 - 자율 주행 모드 비활성 또는 목표 없음. 전차 정지.
2025-06-10 15:44:41,307 - DEBUG - Process-2 - 자율 주행 모드 비활성 또는 목표 없음. 전차 정지.
2025-06-10 15:44:41,436 - DEBUG - Process-2 - 자율 주행 모드 비활성 또는 목표 없음. 전차 정지.
2025-06-10 15:44:41,540 - DEBUG - Process-2 - 자율 주행 모드 비활성 또는 목표 없음. 전차 정지.
2025-06-10 15:44:41,672 - DEBUG - Process-2 - 자율 주행 모드 비활성 또는 목표 없음. 전차 정지.
2025-06-10 15:44:41,777 - DEBUG - Process-2 - 자율 주행 모드 비활성 또는 목표 없음. 전차 정지.
2025-06-10 15:44:41,911 - DEBUG - Process-2 - 자율 주행 모드 비활성 또는 목표 없음. 전차 정지.
2025-06-10 15:44:42,015 - DEBUG - Process-2 - 자율 주행 모드 비활성 또는 목표 없음. 전차 정지.
2025-06-10 15:44:42,119 - DEBUG - Process-2 - 자율 주행 모드 비활성 또는 목표 없음. 전차 정지.
2025-06-10 15:44:42,224 - DEBUG - Process-2 - 자율 주행 모드 비활성 또는 목표 없음. 전차 정지.
2025-06-10 15:44:42,329 - DEBUG - Process-2 - 자율 주행 모드 비활성 또는 목표 없음. 전차 정지.
2025-06-10 15:44:42,487 - DEBUG - Process-2 - 자율 주행 모드 비활성 또는 목표 없음. 전차 정지.
2025-06-10 15:44:42,655 - DEBUG - Process-2 - 자율 주행 모드 비활성 또는 목표 없음. 전차 정지.
2025-06-10 15:44:42,760 - DEBUG - Process-2 - 자율 주행 모드 비활성 또는 목표 없음. 전차 정지.
2025-06-10 15:44:42,888 - DEBUG - Process-2 - 자율 주행 모드 비활성 또는 목표 없음. 전차 정지.
2025-06-10 15:44:42,992 - DEBUG - Process-2 - 자율 주행 모드 비활성 또는 목표 없음. 전차 정지.
2025-06-10 15:44:43,096 - DEBUG - Process-2 - 자율 주행 모드 비활성 또는 목표 없음. 전차 정지.
2025-06-10 15:44:43,202 - DEBUG - Process-2 - 자율 주행 모드 비활성 또는 목표 없음. 전차 정지.
2025-06-10 15:44:43,350 - DEBUG - Process-2 - 자율 주행 모드 비활성 또는 목표 없음. 전차 정지.
2025-06-10 15:44:43,590 - DEBUG - Process-2 - 자율 주행 모드 비활성 또는 목표 없음. 전차 정지.
2025-06-10 15:44:43,695 - DEBUG - Process-2 - 자율 주행 모드 비활성 또는 목표 없음. 전차 정지.
2025-06-10 15:44:43,799 - DEBUG - Process-2 - 자율 주행 모드 비활성 또는 목표 없음. 전차 정지.
2025-06-10 15:44:49,457 - INFO - Process-2 - A* 경로 계산 및 단순화 완료: 원본 길이 55, 단순화 후 길이 3
2025-06-10 15:45:08,161 - INFO - Process-2 - A* 경로 계산 및 단순화 완료: 원본 길이 51, 단순화 후 길이 3
2025-06-10 15:45:11,218 - INFO - Process-2 - A* 경로 계산 및 단순화 완료: 원본 길이 54, 단순화 후 길이 3
2025-06-10 15:45:17,796 - INFO - Process-2 - A* 경로 계산 및 단순화 완료: 원본 길이 26, 단순화 후 길이 2
2025-06-10 15:45:24,208 - INFO - Process-2 - A* 경로 계산 및 단순화 완료: 원본 길이 35, 단순화 후 길이 2
2025-06-10 15:45:35,232 - INFO - Process-2 - A* 경로 계산 및 단순화 완료: 원본 길이 55, 단순화 후 길이 2
2025-06-10 16:34:06,230 - INFO - Process-2 - 🚀 전차 목표 추적 시스템 (Action Worker) 시작
2025-06-10 16:34:06,242 - CRITICAL - Process-2 - DEBUG: Current effective log level for 'action_worker_process': 10
2025-06-10 16:34:08,003 - DEBUG - Process-2 - 자율 주행 모드 비활성 또는 목표 없음. 전차 정지.
2025-06-10 16:34:08,170 - DEBUG - Process-2 - 자율 주행 모드 비활성 또는 목표 없음. 전차 정지.
2025-06-10 16:34:08,276 - DEBUG - Process-2 - 자율 주행 모드 비활성 또는 목표 없음. 전차 정지.
2025-06-10 16:34:08,387 - DEBUG - Process-2 - 자율 주행 모드 비활성 또는 목표 없음. 전차 정지.
2025-06-10 16:34:08,522 - DEBUG - Process-2 - 자율 주행 모드 비활성 또는 목표 없음. 전차 정지.
2025-06-10 16:34:08,646 - DEBUG - Process-2 - 자율 주행 모드 비활성 또는 목표 없음. 전차 정지.
2025-06-10 16:34:08,750 - DEBUG - Process-2 - 자율 주행 모드 비활성 또는 목표 없음. 전차 정지.
2025-06-10 16:34:08,893 - DEBUG - Process-2 - 자율 주행 모드 비활성 또는 목표 없음. 전차 정지.
2025-06-10 16:34:08,998 - DEBUG - Process-2 - 자율 주행 모드 비활성 또는 목표 없음. 전차 정지.
2025-06-10 16:34:09,103 - DEBUG - Process-2 - 자율 주행 모드 비활성 또는 목표 없음. 전차 정지.
2025-06-10 16:34:09,363 - DEBUG - Process-2 - 자율 주행 모드 비활성 또는 목표 없음. 전차 정지.
2025-06-10 16:34:09,508 - DEBUG - Process-2 - 자율 주행 모드 비활성 또는 목표 없음. 전차 정지.
2025-06-10 16:34:09,647 - DEBUG - Process-2 - 자율 주행 모드 비활성 또는 목표 없음. 전차 정지.
2025-06-10 16:34:09,808 - DEBUG - Process-2 - 자율 주행 모드 비활성 또는 목표 없음. 전차 정지.
2025-06-10 16:34:09,976 - DEBUG - Process-2 - 자율 주행 모드 비활성 또는 목표 없음. 전차 정지.
2025-06-10 16:34:10,184 - DEBUG - Process-2 - 자율 주행 모드 비활성 또는 목표 없음. 전차 정지.
2025-06-10 16:34:10,330 - DEBUG - Process-2 - 자율 주행 모드 비활성 또는 목표 없음. 전차 정지.
2025-06-10 16:34:10,548 - DEBUG - Process-2 - 자율 주행 모드 비활성 또는 목표 없음. 전차 정지.
2025-06-10 16:34:10,653 - DEBUG - Process-2 - 자율 주행 모드 비활성 또는 목표 없음. 전차 정지.
2025-06-10 16:34:10,757 - DEBUG - Process-2 - 자율 주행 모드 비활성 또는 목표 없음. 전차 정지.
2025-06-10 16:34:10,861 - DEBUG - Process-2 - 자율 주행 모드 비활성 또는 목표 없음. 전차 정지.
2025-06-10 16:34:10,966 - DEBUG - Process-2 - 자율 주행 모드 비활성 또는 목표 없음. 전차 정지.
2025-06-10 16:34:11,073 - DEBUG - Process-2 - 자율 주행 모드 비활성 또는 목표 없음. 전차 정지.
2025-06-10 16:34:11,226 - DEBUG - Process-2 - 자율 주행 모드 비활성 또는 목표 없음. 전차 정지.
2025-06-10 16:34:11,393 - DEBUG - Process-2 - 자율 주행 모드 비활성 또는 목표 없음. 전차 정지.
2025-06-10 16:34:11,580 - DEBUG - Process-2 - 자율 주행 모드 비활성 또는 목표 없음. 전차 정지.
2025-06-10 16:34:11,689 - DEBUG - Process-2 - 자율 주행 모드 비활성 또는 목표 없음. 전차 정지.
2025-06-10 16:34:11,794 - DEBUG - Process-2 - 자율 주행 모드 비활성 또는 목표 없음. 전차 정지.
2025-06-10 16:34:11,969 - DEBUG - Process-2 - 자율 주행 모드 비활성 또는 목표 없음. 전차 정지.
2025-06-10 16:34:12,073 - DEBUG - Process-2 - 자율 주행 모드 비활성 또는 목표 없음. 전차 정지.
2025-06-10 16:34:12,176 - DEBUG - Process-2 - 자율 주행 모드 비활성 또는 목표 없음. 전차 정지.
2025-06-10 16:34:12,281 - DEBUG - Process-2 - 자율 주행 모드 비활성 또는 목표 없음. 전차 정지.
2025-06-10 16:34:12,385 - DEBUG - Process-2 - 자율 주행 모드 비활성 또는 목표 없음. 전차 정지.
2025-06-10 16:34:12,489 - DEBUG - Process-2 - 자율 주행 모드 비활성 또는 목표 없음. 전차 정지.
2025-06-10 16:34:12,593 - DEBUG - Process-2 - 자율 주행 모드 비활성 또는 목표 없음. 전차 정지.
2025-06-10 16:34:12,697 - DEBUG - Process-2 - 자율 주행 모드 비활성 또는 목표 없음. 전차 정지.
2025-06-10 16:34:12,804 - DEBUG - Process-2 - 자율 주행 모드 비활성 또는 목표 없음. 전차 정지.
2025-06-10 16:34:12,955 - DEBUG - Process-2 - 자율 주행 모드 비활성 또는 목표 없음. 전차 정지.
2025-06-10 16:34:13,097 - DEBUG - Process-2 - 자율 주행 모드 비활성 또는 목표 없음. 전차 정지.
2025-06-10 16:34:13,205 - DEBUG - Process-2 - 자율 주행 모드 비활성 또는 목표 없음. 전차 정지.
2025-06-10 16:34:13,366 - DEBUG - Process-2 - 자율 주행 모드 비활성 또는 목표 없음. 전차 정지.
2025-06-10 16:34:13,491 - DEBUG - Process-2 - 자율 주행 모드 비활성 또는 목표 없음. 전차 정지.
2025-06-10 16:34:13,595 - DEBUG - Process-2 - 자율 주행 모드 비활성 또는 목표 없음. 전차 정지.
2025-06-10 16:34:13,718 - DEBUG - Process-2 - 자율 주행 모드 비활성 또는 목표 없음. 전차 정지.
2025-06-10 16:34:13,822 - DEBUG - Process-2 - 자율 주행 모드 비활성 또는 목표 없음. 전차 정지.
2025-06-10 16:34:14,014 - DEBUG - Process-2 - 자율 주행 모드 비활성 또는 목표 없음. 전차 정지.
2025-06-10 16:34:14,237 - DEBUG - Process-2 - 자율 주행 모드 비활성 또는 목표 없음. 전차 정지.
2025-06-10 16:34:14,341 - DEBUG - Process-2 - 자율 주행 모드 비활성 또는 목표 없음. 전차 정지.
2025-06-10 16:34:14,445 - DEBUG - Process-2 - 자율 주행 모드 비활성 또는 목표 없음. 전차 정지.
2025-06-10 16:34:14,560 - DEBUG - Process-2 - 자율 주행 모드 비활성 또는 목표 없음. 전차 정지.
2025-06-10 16:34:14,661 - WARNING - Process-2 - 경로 탐색 요청 수신, 그러나 현재 전차 위치 또는 pathfinder 초기화 안됨.
2025-06-10 16:34:14,724 - DEBUG - Process-2 - 자율 주행 모드 비활성 또는 목표 없음. 전차 정지.
2025-06-10 16:34:14,845 - DEBUG - Process-2 - Received data from action_input_q: {'destination': 'STOP'}
2025-06-10 16:34:14,846 - INFO - Process-2 - ✅ Main으로부터 정지 명령 수신. 모든 이동 중지.
2025-06-10 16:34:14,846 - DEBUG - Process-2 - 자율 주행 모드 비활성 또는 목표 없음. 전차 정지.
2025-06-10 16:34:14,956 - DEBUG - Process-2 - 자율 주행 모드 비활성 또는 목표 없음. 전차 정지.
2025-06-10 16:34:15,060 - DEBUG - Process-2 - 자율 주행 모드 비활성 또는 목표 없음. 전차 정지.
2025-06-10 16:34:15,298 - DEBUG - Process-2 - 자율 주행 모드 비활성 또는 목표 없음. 전차 정지.
2025-06-10 16:34:15,486 - DEBUG - Process-2 - 자율 주행 모드 비활성 또는 목표 없음. 전차 정지.
2025-06-10 16:34:15,591 - DEBUG - Process-2 - 자율 주행 모드 비활성 또는 목표 없음. 전차 정지.
2025-06-10 16:34:15,695 - DEBUG - Process-2 - 자율 주행 모드 비활성 또는 목표 없음. 전차 정지.
2025-06-10 16:34:15,818 - DEBUG - Process-2 - 자율 주행 모드 비활성 또는 목표 없음. 전차 정지.
2025-06-10 16:34:15,921 - DEBUG - Process-2 - 자율 주행 모드 비활성 또는 목표 없음. 전차 정지.
2025-06-10 16:34:16,025 - DEBUG - Process-2 - 자율 주행 모드 비활성 또는 목표 없음. 전차 정지.
2025-06-10 16:34:16,129 - DEBUG - Process-2 - 자율 주행 모드 비활성 또는 목표 없음. 전차 정지.
2025-06-10 16:34:16,232 - DEBUG - Process-2 - 자율 주행 모드 비활성 또는 목표 없음. 전차 정지.
2025-06-10 16:34:16,400 - DEBUG - Process-2 - 자율 주행 모드 비활성 또는 목표 없음. 전차 정지.
2025-06-10 16:34:16,504 - DEBUG - Process-2 - 자율 주행 모드 비활성 또는 목표 없음. 전차 정지.
2025-06-10 16:34:16,615 - DEBUG - Process-2 - 자율 주행 모드 비활성 또는 목표 없음. 전차 정지.
2025-06-10 16:34:16,735 - DEBUG - Process-2 - 자율 주행 모드 비활성 또는 목표 없음. 전차 정지.
2025-06-10 16:34:16,842 - DEBUG - Process-2 - 자율 주행 모드 비활성 또는 목표 없음. 전차 정지.
2025-06-10 16:34:16,953 - DEBUG - Process-2 - 자율 주행 모드 비활성 또는 목표 없음. 전차 정지.
2025-06-10 16:34:17,057 - DEBUG - Process-2 - 자율 주행 모드 비활성 또는 목표 없음. 전차 정지.
2025-06-10 16:34:17,161 - DEBUG - Process-2 - 자율 주행 모드 비활성 또는 목표 없음. 전차 정지.
2025-06-10 16:34:17,266 - DEBUG - Process-2 - 자율 주행 모드 비활성 또는 목표 없음. 전차 정지.
2025-06-10 16:34:17,369 - DEBUG - Process-2 - 자율 주행 모드 비활성 또는 목표 없음. 전차 정지.
2025-06-10 16:34:17,474 - DEBUG - Process-2 - 자율 주행 모드 비활성 또는 목표 없음. 전차 정지.
2025-06-10 16:34:17,577 - DEBUG - Process-2 - 자율 주행 모드 비활성 또는 목표 없음. 전차 정지.
2025-06-10 16:34:17,681 - DEBUG - Process-2 - 자율 주행 모드 비활성 또는 목표 없음. 전차 정지.
2025-06-10 16:34:17,786 - DEBUG - Process-2 - 자율 주행 모드 비활성 또는 목표 없음. 전차 정지.
2025-06-10 16:34:17,890 - DEBUG - Process-2 - 자율 주행 모드 비활성 또는 목표 없음. 전차 정지.
2025-06-10 16:34:17,998 - DEBUG - Process-2 - 자율 주행 모드 비활성 또는 목표 없음. 전차 정지.
2025-06-10 16:34:18,112 - DEBUG - Process-2 - 자율 주행 모드 비활성 또는 목표 없음. 전차 정지.
2025-06-10 16:34:18,217 - DEBUG - Process-2 - 자율 주행 모드 비활성 또는 목표 없음. 전차 정지.
2025-06-10 16:34:18,421 - DEBUG - Process-2 - 자율 주행 모드 비활성 또는 목표 없음. 전차 정지.
2025-06-10 16:34:18,525 - DEBUG - Process-2 - 자율 주행 모드 비활성 또는 목표 없음. 전차 정지.
2025-06-10 16:34:18,629 - DEBUG - Process-2 - 자율 주행 모드 비활성 또는 목표 없음. 전차 정지.
2025-06-10 16:34:18,736 - DEBUG - Process-2 - 자율 주행 모드 비활성 또는 목표 없음. 전차 정지.
2025-06-10 16:34:18,840 - DEBUG - Process-2 - 자율 주행 모드 비활성 또는 목표 없음. 전차 정지.
2025-06-10 16:34:18,944 - DEBUG - Process-2 - 자율 주행 모드 비활성 또는 목표 없음. 전차 정지.
2025-06-10 16:34:19,047 - DEBUG - Process-2 - 자율 주행 모드 비활성 또는 목표 없음. 전차 정지.
2025-06-10 16:34:19,156 - DEBUG - Process-2 - 자율 주행 모드 비활성 또는 목표 없음. 전차 정지.
2025-06-10 16:34:19,263 - DEBUG - Process-2 - 자율 주행 모드 비활성 또는 목표 없음. 전차 정지.
2025-06-10 16:34:19,410 - DEBUG - Process-2 - 자율 주행 모드 비활성 또는 목표 없음. 전차 정지.
2025-06-10 16:34:19,514 - DEBUG - Process-2 - 자율 주행 모드 비활성 또는 목표 없음. 전차 정지.
2025-06-10 16:34:19,654 - DEBUG - Process-2 - 자율 주행 모드 비활성 또는 목표 없음. 전차 정지.
2025-06-10 16:34:19,758 - DEBUG - Process-2 - 자율 주행 모드 비활성 또는 목표 없음. 전차 정지.
2025-06-10 16:34:20,009 - DEBUG - Process-2 - 자율 주행 모드 비활성 또는 목표 없음. 전차 정지.
2025-06-10 16:34:20,113 - DEBUG - Process-2 - 자율 주행 모드 비활성 또는 목표 없음. 전차 정지.
2025-06-10 16:34:20,217 - DEBUG - Process-2 - 자율 주행 모드 비활성 또는 목표 없음. 전차 정지.
2025-06-10 16:34:20,321 - DEBUG - Process-2 - 자율 주행 모드 비활성 또는 목표 없음. 전차 정지.
2025-06-10 16:34:20,426 - DEBUG - Process-2 - 자율 주행 모드 비활성 또는 목표 없음. 전차 정지.
2025-06-10 16:34:20,530 - DEBUG - Process-2 - 자율 주행 모드 비활성 또는 목표 없음. 전차 정지.
2025-06-10 16:34:20,635 - DEBUG - Process-2 - 자율 주행 모드 비활성 또는 목표 없음. 전차 정지.
2025-06-10 16:34:20,744 - DEBUG - Process-2 - 자율 주행 모드 비활성 또는 목표 없음. 전차 정지.
2025-06-10 16:34:20,849 - DEBUG - Process-2 - 자율 주행 모드 비활성 또는 목표 없음. 전차 정지.
2025-06-10 16:34:20,968 - DEBUG - Process-2 - 자율 주행 모드 비활성 또는 목표 없음. 전차 정지.
2025-06-10 16:34:21,072 - DEBUG - Process-2 - 자율 주행 모드 비활성 또는 목표 없음. 전차 정지.
2025-06-10 16:34:21,215 - DEBUG - Process-2 - 자율 주행 모드 비활성 또는 목표 없음. 전차 정지.
2025-06-10 16:34:21,368 - DEBUG - Process-2 - 자율 주행 모드 비활성 또는 목표 없음. 전차 정지.
2025-06-10 16:34:21,472 - DEBUG - Process-2 - 자율 주행 모드 비활성 또는 목표 없음. 전차 정지.
2025-06-10 16:34:21,580 - DEBUG - Process-2 - 자율 주행 모드 비활성 또는 목표 없음. 전차 정지.
2025-06-10 16:34:21,684 - DEBUG - Process-2 - 자율 주행 모드 비활성 또는 목표 없음. 전차 정지.
2025-06-10 16:34:21,788 - DEBUG - Process-2 - 자율 주행 모드 비활성 또는 목표 없음. 전차 정지.
2025-06-10 16:34:21,892 - DEBUG - Process-2 - 자율 주행 모드 비활성 또는 목표 없음. 전차 정지.
2025-06-10 16:34:22,042 - DEBUG - Process-2 - 자율 주행 모드 비활성 또는 목표 없음. 전차 정지.
2025-06-10 16:34:22,146 - DEBUG - Process-2 - 자율 주행 모드 비활성 또는 목표 없음. 전차 정지.
2025-06-10 16:34:22,251 - DEBUG - Process-2 - 자율 주행 모드 비활성 또는 목표 없음. 전차 정지.
2025-06-10 16:34:22,371 - DEBUG - Process-2 - 자율 주행 모드 비활성 또는 목표 없음. 전차 정지.
2025-06-10 16:34:22,475 - DEBUG - Process-2 - 자율 주행 모드 비활성 또는 목표 없음. 전차 정지.
2025-06-10 16:34:22,648 - DEBUG - Process-2 - 자율 주행 모드 비활성 또는 목표 없음. 전차 정지.
2025-06-10 16:34:22,752 - DEBUG - Process-2 - 자율 주행 모드 비활성 또는 목표 없음. 전차 정지.
2025-06-10 16:34:22,892 - DEBUG - Process-2 - 자율 주행 모드 비활성 또는 목표 없음. 전차 정지.
2025-06-10 16:34:23,002 - DEBUG - Process-2 - 자율 주행 모드 비활성 또는 목표 없음. 전차 정지.
2025-06-10 16:34:23,167 - DEBUG - Process-2 - 자율 주행 모드 비활성 또는 목표 없음. 전차 정지.
2025-06-10 16:34:23,311 - DEBUG - Process-2 - 자율 주행 모드 비활성 또는 목표 없음. 전차 정지.
2025-06-10 16:34:23,415 - DEBUG - Process-2 - 자율 주행 모드 비활성 또는 목표 없음. 전차 정지.
2025-06-10 16:34:23,519 - DEBUG - Process-2 - 자율 주행 모드 비활성 또는 목표 없음. 전차 정지.
2025-06-10 16:34:23,623 - DEBUG - Process-2 - 자율 주행 모드 비활성 또는 목표 없음. 전차 정지.
2025-06-10 16:34:23,727 - DEBUG - Process-2 - 자율 주행 모드 비활성 또는 목표 없음. 전차 정지.
2025-06-10 16:34:23,831 - DEBUG - Process-2 - 자율 주행 모드 비활성 또는 목표 없음. 전차 정지.
2025-06-10 16:34:23,935 - DEBUG - Process-2 - 자율 주행 모드 비활성 또는 목표 없음. 전차 정지.
2025-06-10 16:34:24,039 - DEBUG - Process-2 - 자율 주행 모드 비활성 또는 목표 없음. 전차 정지.
2025-06-10 16:34:24,143 - DEBUG - Process-2 - 자율 주행 모드 비활성 또는 목표 없음. 전차 정지.
2025-06-10 16:34:24,248 - DEBUG - Process-2 - 자율 주행 모드 비활성 또는 목표 없음. 전차 정지.
2025-06-10 16:34:24,352 - DEBUG - Process-2 - 자율 주행 모드 비활성 또는 목표 없음. 전차 정지.
2025-06-10 16:34:24,456 - DEBUG - Process-2 - 자율 주행 모드 비활성 또는 목표 없음. 전차 정지.
2025-06-10 16:34:24,560 - DEBUG - Process-2 - 자율 주행 모드 비활성 또는 목표 없음. 전차 정지.
2025-06-10 16:34:24,684 - DEBUG - Process-2 - 자율 주행 모드 비활성 또는 목표 없음. 전차 정지.
2025-06-10 16:34:24,788 - DEBUG - Process-2 - 자율 주행 모드 비활성 또는 목표 없음. 전차 정지.
2025-06-10 16:34:24,892 - DEBUG - Process-2 - 자율 주행 모드 비활성 또는 목표 없음. 전차 정지.
2025-06-10 16:34:24,995 - DEBUG - Process-2 - 자율 주행 모드 비활성 또는 목표 없음. 전차 정지.
2025-06-10 16:34:25,102 - DEBUG - Process-2 - 자율 주행 모드 비활성 또는 목표 없음. 전차 정지.
2025-06-10 16:34:25,209 - DEBUG - Process-2 - 자율 주행 모드 비활성 또는 목표 없음. 전차 정지.
2025-06-10 16:34:25,312 - DEBUG - Process-2 - 자율 주행 모드 비활성 또는 목표 없음. 전차 정지.
2025-06-10 16:34:25,440 - DEBUG - Process-2 - 자율 주행 모드 비활성 또는 목표 없음. 전차 정지.
2025-06-10 16:34:25,544 - DEBUG - Process-2 - 자율 주행 모드 비활성 또는 목표 없음. 전차 정지.
2025-06-10 16:34:25,647 - DEBUG - Process-2 - 자율 주행 모드 비활성 또는 목표 없음. 전차 정지.
2025-06-10 16:34:25,800 - DEBUG - Process-2 - 자율 주행 모드 비활성 또는 목표 없음. 전차 정지.
2025-06-10 16:34:25,905 - DEBUG - Process-2 - 자율 주행 모드 비활성 또는 목표 없음. 전차 정지.
2025-06-10 16:34:26,009 - DEBUG - Process-2 - 자율 주행 모드 비활성 또는 목표 없음. 전차 정지.
2025-06-10 16:34:26,113 - DEBUG - Process-2 - 자율 주행 모드 비활성 또는 목표 없음. 전차 정지.
2025-06-10 16:34:26,217 - DEBUG - Process-2 - 자율 주행 모드 비활성 또는 목표 없음. 전차 정지.
2025-06-10 16:34:26,324 - DEBUG - Process-2 - 자율 주행 모드 비활성 또는 목표 없음. 전차 정지.
2025-06-10 16:34:26,431 - DEBUG - Process-2 - 자율 주행 모드 비활성 또는 목표 없음. 전차 정지.
2025-06-10 16:34:26,534 - DEBUG - Process-2 - 자율 주행 모드 비활성 또는 목표 없음. 전차 정지.
2025-06-10 16:34:26,639 - DEBUG - Process-2 - 자율 주행 모드 비활성 또는 목표 없음. 전차 정지.
2025-06-10 16:34:26,743 - DEBUG - Process-2 - 자율 주행 모드 비활성 또는 목표 없음. 전차 정지.
2025-06-10 16:34:26,847 - DEBUG - Process-2 - 자율 주행 모드 비활성 또는 목표 없음. 전차 정지.
2025-06-10 16:34:26,950 - DEBUG - Process-2 - 자율 주행 모드 비활성 또는 목표 없음. 전차 정지.
2025-06-10 16:34:27,054 - DEBUG - Process-2 - 자율 주행 모드 비활성 또는 목표 없음. 전차 정지.
2025-06-10 16:34:27,160 - DEBUG - Process-2 - 자율 주행 모드 비활성 또는 목표 없음. 전차 정지.
2025-06-10 16:34:27,265 - DEBUG - Process-2 - 자율 주행 모드 비활성 또는 목표 없음. 전차 정지.
2025-06-10 16:34:27,380 - DEBUG - Process-2 - 자율 주행 모드 비활성 또는 목표 없음. 전차 정지.
2025-06-10 16:34:27,484 - DEBUG - Process-2 - 자율 주행 모드 비활성 또는 목표 없음. 전차 정지.
2025-06-10 16:34:27,649 - DEBUG - Process-2 - 자율 주행 모드 비활성 또는 목표 없음. 전차 정지.
2025-06-10 16:34:27,801 - DEBUG - Process-2 - 자율 주행 모드 비활성 또는 목표 없음. 전차 정지.
2025-06-10 16:34:27,905 - DEBUG - Process-2 - 자율 주행 모드 비활성 또는 목표 없음. 전차 정지.
2025-06-10 16:34:28,009 - DEBUG - Process-2 - 자율 주행 모드 비활성 또는 목표 없음. 전차 정지.
2025-06-10 16:34:28,113 - DEBUG - Process-2 - 자율 주행 모드 비활성 또는 목표 없음. 전차 정지.
2025-06-10 16:34:28,217 - DEBUG - Process-2 - 자율 주행 모드 비활성 또는 목표 없음. 전차 정지.
2025-06-10 16:34:28,321 - DEBUG - Process-2 - 자율 주행 모드 비활성 또는 목표 없음. 전차 정지.
2025-06-10 16:34:28,425 - DEBUG - Process-2 - 자율 주행 모드 비활성 또는 목표 없음. 전차 정지.
2025-06-10 16:34:28,529 - DEBUG - Process-2 - 자율 주행 모드 비활성 또는 목표 없음. 전차 정지.
2025-06-10 16:34:28,644 - DEBUG - Process-2 - 자율 주행 모드 비활성 또는 목표 없음. 전차 정지.
2025-06-10 16:34:28,748 - DEBUG - Process-2 - 자율 주행 모드 비활성 또는 목표 없음. 전차 정지.
2025-06-10 16:34:28,882 - DEBUG - Process-2 - 자율 주행 모드 비활성 또는 목표 없음. 전차 정지.
2025-06-10 16:34:28,995 - DEBUG - Process-2 - 자율 주행 모드 비활성 또는 목표 없음. 전차 정지.
2025-06-10 16:34:29,149 - DEBUG - Process-2 - 자율 주행 모드 비활성 또는 목표 없음. 전차 정지.
2025-06-10 16:34:29,298 - DEBUG - Process-2 - 자율 주행 모드 비활성 또는 목표 없음. 전차 정지.
2025-06-10 16:34:29,403 - DEBUG - Process-2 - 자율 주행 모드 비활성 또는 목표 없음. 전차 정지.
2025-06-10 16:34:29,506 - DEBUG - Process-2 - 자율 주행 모드 비활성 또는 목표 없음. 전차 정지.
2025-06-10 16:34:29,615 - DEBUG - Process-2 - 자율 주행 모드 비활성 또는 목표 없음. 전차 정지.
2025-06-10 16:34:29,719 - DEBUG - Process-2 - 자율 주행 모드 비활성 또는 목표 없음. 전차 정지.
2025-06-10 16:34:29,827 - DEBUG - Process-2 - 자율 주행 모드 비활성 또는 목표 없음. 전차 정지.
2025-06-10 16:34:29,931 - DEBUG - Process-2 - 자율 주행 모드 비활성 또는 목표 없음. 전차 정지.
2025-06-10 16:34:30,035 - DEBUG - Process-2 - 자율 주행 모드 비활성 또는 목표 없음. 전차 정지.
2025-06-10 16:34:30,141 - DEBUG - Process-2 - 자율 주행 모드 비활성 또는 목표 없음. 전차 정지.
2025-06-10 16:34:30,292 - DEBUG - Process-2 - 자율 주행 모드 비활성 또는 목표 없음. 전차 정지.
2025-06-10 16:34:30,396 - DEBUG - Process-2 - 자율 주행 모드 비활성 또는 목표 없음. 전차 정지.
2025-06-10 16:34:30,500 - DEBUG - Process-2 - 자율 주행 모드 비활성 또는 목표 없음. 전차 정지.
2025-06-10 16:34:30,605 - DEBUG - Process-2 - 자율 주행 모드 비활성 또는 목표 없음. 전차 정지.
2025-06-10 16:34:30,708 - DEBUG - Process-2 - 자율 주행 모드 비활성 또는 목표 없음. 전차 정지.
2025-06-10 16:34:30,818 - DEBUG - Process-2 - 자율 주행 모드 비활성 또는 목표 없음. 전차 정지.
2025-06-10 16:34:30,922 - DEBUG - Process-2 - 자율 주행 모드 비활성 또는 목표 없음. 전차 정지.
2025-06-10 16:34:31,026 - DEBUG - Process-2 - 자율 주행 모드 비활성 또는 목표 없음. 전차 정지.
2025-06-10 16:34:31,129 - DEBUG - Process-2 - 자율 주행 모드 비활성 또는 목표 없음. 전차 정지.
2025-06-10 16:34:31,233 - DEBUG - Process-2 - 자율 주행 모드 비활성 또는 목표 없음. 전차 정지.
2025-06-10 16:34:31,337 - DEBUG - Process-2 - 자율 주행 모드 비활성 또는 목표 없음. 전차 정지.
2025-06-10 16:34:31,442 - DEBUG - Process-2 - 자율 주행 모드 비활성 또는 목표 없음. 전차 정지.
2025-06-10 16:34:31,546 - DEBUG - Process-2 - 자율 주행 모드 비활성 또는 목표 없음. 전차 정지.
2025-06-10 16:34:31,651 - DEBUG - Process-2 - 자율 주행 모드 비활성 또는 목표 없음. 전차 정지.
2025-06-10 16:34:31,755 - DEBUG - Process-2 - 자율 주행 모드 비활성 또는 목표 없음. 전차 정지.
2025-06-10 16:34:31,859 - DEBUG - Process-2 - 자율 주행 모드 비활성 또는 목표 없음. 전차 정지.
2025-06-10 16:34:32,026 - DEBUG - Process-2 - 자율 주행 모드 비활성 또는 목표 없음. 전차 정지.
2025-06-10 16:34:32,131 - DEBUG - Process-2 - 자율 주행 모드 비활성 또는 목표 없음. 전차 정지.
2025-06-10 16:34:32,253 - DEBUG - Process-2 - 자율 주행 모드 비활성 또는 목표 없음. 전차 정지.
2025-06-10 16:34:32,358 - DEBUG - Process-2 - 자율 주행 모드 비활성 또는 목표 없음. 전차 정지.
2025-06-10 16:34:32,473 - DEBUG - Process-2 - 자율 주행 모드 비활성 또는 목표 없음. 전차 정지.
2025-06-10 16:34:32,577 - DEBUG - Process-2 - 자율 주행 모드 비활성 또는 목표 없음. 전차 정지.
2025-06-10 16:34:32,681 - DEBUG - Process-2 - 자율 주행 모드 비활성 또는 목표 없음. 전차 정지.
2025-06-10 16:34:32,796 - DEBUG - Process-2 - 자율 주행 모드 비활성 또는 목표 없음. 전차 정지.
2025-06-10 16:34:32,900 - DEBUG - Process-2 - 자율 주행 모드 비활성 또는 목표 없음. 전차 정지.
2025-06-10 16:34:33,005 - DEBUG - Process-2 - 자율 주행 모드 비활성 또는 목표 없음. 전차 정지.
2025-06-10 16:34:33,110 - DEBUG - Process-2 - 자율 주행 모드 비활성 또는 목표 없음. 전차 정지.
2025-06-10 16:34:33,214 - DEBUG - Process-2 - 자율 주행 모드 비활성 또는 목표 없음. 전차 정지.
2025-06-10 16:34:33,318 - DEBUG - Process-2 - 자율 주행 모드 비활성 또는 목표 없음. 전차 정지.
2025-06-10 16:34:33,467 - DEBUG - Process-2 - 자율 주행 모드 비활성 또는 목표 없음. 전차 정지.
2025-06-10 16:34:33,571 - DEBUG - Process-2 - 자율 주행 모드 비활성 또는 목표 없음. 전차 정지.
2025-06-10 16:34:33,678 - DEBUG - Process-2 - 자율 주행 모드 비활성 또는 목표 없음. 전차 정지.
2025-06-10 16:34:33,792 - DEBUG - Process-2 - 자율 주행 모드 비활성 또는 목표 없음. 전차 정지.
2025-06-10 16:34:33,899 - DEBUG - Process-2 - 자율 주행 모드 비활성 또는 목표 없음. 전차 정지.
2025-06-10 16:34:34,006 - DEBUG - Process-2 - 자율 주행 모드 비활성 또는 목표 없음. 전차 정지.
2025-06-10 16:34:34,118 - DEBUG - Process-2 - 자율 주행 모드 비활성 또는 목표 없음. 전차 정지.
2025-06-10 16:34:34,224 - DEBUG - Process-2 - 자율 주행 모드 비활성 또는 목표 없음. 전차 정지.
2025-06-10 16:34:34,377 - DEBUG - Process-2 - 자율 주행 모드 비활성 또는 목표 없음. 전차 정지.
2025-06-10 16:34:34,481 - DEBUG - Process-2 - 자율 주행 모드 비활성 또는 목표 없음. 전차 정지.
2025-06-10 16:34:34,585 - DEBUG - Process-2 - 자율 주행 모드 비활성 또는 목표 없음. 전차 정지.
2025-06-10 16:34:34,691 - DEBUG - Process-2 - 자율 주행 모드 비활성 또는 목표 없음. 전차 정지.
2025-06-10 16:34:34,851 - DEBUG - Process-2 - 자율 주행 모드 비활성 또는 목표 없음. 전차 정지.
2025-06-10 16:34:34,955 - DEBUG - Process-2 - 자율 주행 모드 비활성 또는 목표 없음. 전차 정지.
2025-06-10 16:34:35,058 - DEBUG - Process-2 - 자율 주행 모드 비활성 또는 목표 없음. 전차 정지.
2025-06-10 16:34:35,163 - DEBUG - Process-2 - 자율 주행 모드 비활성 또는 목표 없음. 전차 정지.
2025-06-10 16:34:35,267 - DEBUG - Process-2 - 자율 주행 모드 비활성 또는 목표 없음. 전차 정지.
2025-06-10 16:34:35,371 - DEBUG - Process-2 - 자율 주행 모드 비활성 또는 목표 없음. 전차 정지.
2025-06-10 16:34:35,478 - DEBUG - Process-2 - 자율 주행 모드 비활성 또는 목표 없음. 전차 정지.
2025-06-10 16:34:35,594 - DEBUG - Process-2 - 자율 주행 모드 비활성 또는 목표 없음. 전차 정지.
2025-06-10 16:34:35,698 - DEBUG - Process-2 - 자율 주행 모드 비활성 또는 목표 없음. 전차 정지.
2025-06-10 16:34:35,805 - DEBUG - Process-2 - 자율 주행 모드 비활성 또는 목표 없음. 전차 정지.
2025-06-10 16:34:35,910 - DEBUG - Process-2 - 자율 주행 모드 비활성 또는 목표 없음. 전차 정지.
2025-06-10 16:34:36,025 - DEBUG - Process-2 - 자율 주행 모드 비활성 또는 목표 없음. 전차 정지.
2025-06-10 16:34:36,164 - DEBUG - Process-2 - 자율 주행 모드 비활성 또는 목표 없음. 전차 정지.
2025-06-10 16:34:36,276 - DEBUG - Process-2 - 자율 주행 모드 비활성 또는 목표 없음. 전차 정지.
2025-06-10 16:34:36,430 - DEBUG - Process-2 - 자율 주행 모드 비활성 또는 목표 없음. 전차 정지.
2025-06-10 16:34:36,531 - WARNING - Process-2 - 경로 탐색 요청 수신, 그러나 현재 전차 위치 또는 pathfinder 초기화 안됨.
2025-06-10 16:34:36,544 - DEBUG - Process-2 - 자율 주행 모드 비활성 또는 목표 없음. 전차 정지.
2025-06-10 16:34:36,704 - DEBUG - Process-2 - Received data from action_input_q: {'destination': 'STOP'}
2025-06-10 16:34:36,704 - INFO - Process-2 - ✅ Main으로부터 정지 명령 수신. 모든 이동 중지.
2025-06-10 16:34:36,705 - DEBUG - Process-2 - 자율 주행 모드 비활성 또는 목표 없음. 전차 정지.
2025-06-10 16:34:36,819 - DEBUG - Process-2 - 자율 주행 모드 비활성 또는 목표 없음. 전차 정지.
2025-06-10 16:34:36,924 - DEBUG - Process-2 - 자율 주행 모드 비활성 또는 목표 없음. 전차 정지.
2025-06-10 16:34:37,043 - DEBUG - Process-2 - 자율 주행 모드 비활성 또는 목표 없음. 전차 정지.
2025-06-10 16:34:37,148 - DEBUG - Process-2 - 자율 주행 모드 비활성 또는 목표 없음. 전차 정지.
2025-06-10 16:34:37,254 - DEBUG - Process-2 - 자율 주행 모드 비활성 또는 목표 없음. 전차 정지.
2025-06-10 16:34:37,385 - DEBUG - Process-2 - 자율 주행 모드 비활성 또는 목표 없음. 전차 정지.
2025-06-10 16:34:37,489 - DEBUG - Process-2 - 자율 주행 모드 비활성 또는 목표 없음. 전차 정지.
2025-06-10 16:34:37,592 - DEBUG - Process-2 - 자율 주행 모드 비활성 또는 목표 없음. 전차 정지.
2025-06-10 16:34:37,713 - DEBUG - Process-2 - 자율 주행 모드 비활성 또는 목표 없음. 전차 정지.
2025-06-10 16:34:37,817 - DEBUG - Process-2 - 자율 주행 모드 비활성 또는 목표 없음. 전차 정지.
2025-06-10 16:34:37,974 - DEBUG - Process-2 - 자율 주행 모드 비활성 또는 목표 없음. 전차 정지.
2025-06-10 16:34:38,078 - DEBUG - Process-2 - 자율 주행 모드 비활성 또는 목표 없음. 전차 정지.
2025-06-10 16:34:38,229 - DEBUG - Process-2 - 자율 주행 모드 비활성 또는 목표 없음. 전차 정지.
2025-06-10 16:34:38,333 - DEBUG - Process-2 - 자율 주행 모드 비활성 또는 목표 없음. 전차 정지.
2025-06-10 16:34:38,486 - DEBUG - Process-2 - 자율 주행 모드 비활성 또는 목표 없음. 전차 정지.
2025-06-10 16:34:38,590 - DEBUG - Process-2 - 자율 주행 모드 비활성 또는 목표 없음. 전차 정지.
2025-06-10 16:34:38,694 - DEBUG - Process-2 - 자율 주행 모드 비활성 또는 목표 없음. 전차 정지.
2025-06-10 16:34:38,798 - DEBUG - Process-2 - 자율 주행 모드 비활성 또는 목표 없음. 전차 정지.
2025-06-10 16:34:38,910 - DEBUG - Process-2 - 자율 주행 모드 비활성 또는 목표 없음. 전차 정지.
2025-06-10 16:34:39,026 - DEBUG - Process-2 - 자율 주행 모드 비활성 또는 목표 없음. 전차 정지.
2025-06-10 16:34:39,131 - DEBUG - Process-2 - 자율 주행 모드 비활성 또는 목표 없음. 전차 정지.
2025-06-10 16:34:39,271 - DEBUG - Process-2 - 자율 주행 모드 비활성 또는 목표 없음. 전차 정지.
2025-06-10 16:34:39,379 - DEBUG - Process-2 - 자율 주행 모드 비활성 또는 목표 없음. 전차 정지.
2025-06-10 16:34:39,533 - DEBUG - Process-2 - 자율 주행 모드 비활성 또는 목표 없음. 전차 정지.
2025-06-10 16:34:39,639 - DEBUG - Process-2 - 자율 주행 모드 비활성 또는 목표 없음. 전차 정지.
2025-06-10 16:34:39,743 - DEBUG - Process-2 - 자율 주행 모드 비활성 또는 목표 없음. 전차 정지.
2025-06-10 16:34:39,854 - DEBUG - Process-2 - 자율 주행 모드 비활성 또는 목표 없음. 전차 정지.
2025-06-10 16:34:39,966 - DEBUG - Process-2 - 자율 주행 모드 비활성 또는 목표 없음. 전차 정지.
2025-06-10 16:34:40,124 - DEBUG - Process-2 - 자율 주행 모드 비활성 또는 목표 없음. 전차 정지.
2025-06-10 16:34:40,227 - DEBUG - Process-2 - 자율 주행 모드 비활성 또는 목표 없음. 전차 정지.
2025-06-10 16:34:40,331 - DEBUG - Process-2 - 자율 주행 모드 비활성 또는 목표 없음. 전차 정지.
2025-06-10 16:34:40,451 - DEBUG - Process-2 - 자율 주행 모드 비활성 또는 목표 없음. 전차 정지.
2025-06-10 16:34:40,556 - DEBUG - Process-2 - 자율 주행 모드 비활성 또는 목표 없음. 전차 정지.
2025-06-10 16:34:40,699 - DEBUG - Process-2 - 자율 주행 모드 비활성 또는 목표 없음. 전차 정지.
2025-06-10 16:34:40,806 - DEBUG - Process-2 - 자율 주행 모드 비활성 또는 목표 없음. 전차 정지.
2025-06-10 16:34:40,910 - DEBUG - Process-2 - 자율 주행 모드 비활성 또는 목표 없음. 전차 정지.
2025-06-10 16:34:41,020 - DEBUG - Process-2 - 자율 주행 모드 비활성 또는 목표 없음. 전차 정지.
2025-06-10 16:34:41,138 - DEBUG - Process-2 - 자율 주행 모드 비활성 또는 목표 없음. 전차 정지.
2025-06-10 16:34:41,243 - DEBUG - Process-2 - 자율 주행 모드 비활성 또는 목표 없음. 전차 정지.
2025-06-10 16:34:41,344 - WARNING - Process-2 - 경로 탐색 요청 수신, 그러나 현재 전차 위치 또는 pathfinder 초기화 안됨.
2025-06-10 16:34:41,379 - DEBUG - Process-2 - Received data from action_input_q: {'destination': 'STOP'}
2025-06-10 16:34:41,379 - INFO - Process-2 - ✅ Main으로부터 정지 명령 수신. 모든 이동 중지.
2025-06-10 16:34:41,380 - DEBUG - Process-2 - 자율 주행 모드 비활성 또는 목표 없음. 전차 정지.
2025-06-10 16:34:41,484 - DEBUG - Process-2 - 자율 주행 모드 비활성 또는 목표 없음. 전차 정지.
2025-06-10 16:34:41,670 - DEBUG - Process-2 - 자율 주행 모드 비활성 또는 목표 없음. 전차 정지.
2025-06-10 16:34:41,773 - DEBUG - Process-2 - 자율 주행 모드 비활성 또는 목표 없음. 전차 정지.
2025-06-10 16:34:41,877 - DEBUG - Process-2 - 자율 주행 모드 비활성 또는 목표 없음. 전차 정지.
2025-06-10 16:34:41,981 - DEBUG - Process-2 - 자율 주행 모드 비활성 또는 목표 없음. 전차 정지.
2025-06-10 16:34:42,125 - DEBUG - Process-2 - 자율 주행 모드 비활성 또는 목표 없음. 전차 정지.
2025-06-10 16:34:42,229 - DEBUG - Process-2 - 자율 주행 모드 비활성 또는 목표 없음. 전차 정지.
2025-06-10 16:34:42,333 - DEBUG - Process-2 - 자율 주행 모드 비활성 또는 목표 없음. 전차 정지.
2025-06-10 16:34:42,458 - DEBUG - Process-2 - 자율 주행 모드 비활성 또는 목표 없음. 전차 정지.
2025-06-10 16:34:42,566 - DEBUG - Process-2 - 자율 주행 모드 비활성 또는 목표 없음. 전차 정지.
2025-06-10 16:34:42,671 - DEBUG - Process-2 - 자율 주행 모드 비활성 또는 목표 없음. 전차 정지.
2025-06-10 16:34:42,774 - DEBUG - Process-2 - 자율 주행 모드 비활성 또는 목표 없음. 전차 정지.
2025-06-10 16:34:42,878 - DEBUG - Process-2 - 자율 주행 모드 비활성 또는 목표 없음. 전차 정지.
2025-06-10 16:34:42,982 - DEBUG - Process-2 - 자율 주행 모드 비활성 또는 목표 없음. 전차 정지.
2025-06-10 16:34:43,116 - DEBUG - Process-2 - 자율 주행 모드 비활성 또는 목표 없음. 전차 정지.
2025-06-10 16:34:43,263 - DEBUG - Process-2 - 자율 주행 모드 비활성 또는 목표 없음. 전차 정지.
2025-06-10 16:34:43,367 - DEBUG - Process-2 - 자율 주행 모드 비활성 또는 목표 없음. 전차 정지.
2025-06-10 16:34:43,474 - DEBUG - Process-2 - 자율 주행 모드 비활성 또는 목표 없음. 전차 정지.
2025-06-10 16:34:43,578 - DEBUG - Process-2 - 자율 주행 모드 비활성 또는 목표 없음. 전차 정지.
2025-06-10 16:34:43,682 - DEBUG - Process-2 - 자율 주행 모드 비활성 또는 목표 없음. 전차 정지.
2025-06-10 16:34:43,788 - DEBUG - Process-2 - 자율 주행 모드 비활성 또는 목표 없음. 전차 정지.
2025-06-10 16:34:43,892 - DEBUG - Process-2 - 자율 주행 모드 비활성 또는 목표 없음. 전차 정지.
2025-06-10 16:34:44,016 - DEBUG - Process-2 - 자율 주행 모드 비활성 또는 목표 없음. 전차 정지.
2025-06-10 16:34:44,124 - DEBUG - Process-2 - 자율 주행 모드 비활성 또는 목표 없음. 전차 정지.
2025-06-10 16:34:44,229 - DEBUG - Process-2 - 자율 주행 모드 비활성 또는 목표 없음. 전차 정지.
2025-06-10 16:34:44,347 - DEBUG - Process-2 - 자율 주행 모드 비활성 또는 목표 없음. 전차 정지.
2025-06-10 16:34:44,451 - DEBUG - Process-2 - 자율 주행 모드 비활성 또는 목표 없음. 전차 정지.
2025-06-10 16:34:44,555 - DEBUG - Process-2 - 자율 주행 모드 비활성 또는 목표 없음. 전차 정지.
2025-06-10 16:34:44,691 - DEBUG - Process-2 - 자율 주행 모드 비활성 또는 목표 없음. 전차 정지.
2025-06-10 16:34:44,795 - DEBUG - Process-2 - 자율 주행 모드 비활성 또는 목표 없음. 전차 정지.
2025-06-10 16:34:44,900 - DEBUG - Process-2 - 자율 주행 모드 비활성 또는 목표 없음. 전차 정지.
2025-06-10 16:34:45,034 - DEBUG - Process-2 - 자율 주행 모드 비활성 또는 목표 없음. 전차 정지.
2025-06-10 16:34:45,138 - DEBUG - Process-2 - 자율 주행 모드 비활성 또는 목표 없음. 전차 정지.
2025-06-10 16:34:45,242 - DEBUG - Process-2 - 자율 주행 모드 비활성 또는 목표 없음. 전차 정지.
2025-06-10 16:34:45,365 - DEBUG - Process-2 - 자율 주행 모드 비활성 또는 목표 없음. 전차 정지.
2025-06-10 16:34:45,469 - DEBUG - Process-2 - 자율 주행 모드 비활성 또는 목표 없음. 전차 정지.
2025-06-10 16:34:45,619 - DEBUG - Process-2 - 자율 주행 모드 비활성 또는 목표 없음. 전차 정지.
2025-06-10 16:34:45,725 - DEBUG - Process-2 - 자율 주행 모드 비활성 또는 목표 없음. 전차 정지.
2025-06-10 16:34:45,831 - DEBUG - Process-2 - 자율 주행 모드 비활성 또는 목표 없음. 전차 정지.
2025-06-10 16:34:45,934 - DEBUG - Process-2 - 자율 주행 모드 비활성 또는 목표 없음. 전차 정지.
2025-06-10 16:34:46,038 - DEBUG - Process-2 - 자율 주행 모드 비활성 또는 목표 없음. 전차 정지.
2025-06-10 16:34:46,142 - DEBUG - Process-2 - 자율 주행 모드 비활성 또는 목표 없음. 전차 정지.
2025-06-10 16:34:46,246 - DEBUG - Process-2 - 자율 주행 모드 비활성 또는 목표 없음. 전차 정지.
2025-06-10 16:34:46,394 - DEBUG - Process-2 - 자율 주행 모드 비활성 또는 목표 없음. 전차 정지.
2025-06-10 16:34:46,498 - DEBUG - Process-2 - 자율 주행 모드 비활성 또는 목표 없음. 전차 정지.
2025-06-10 16:34:46,602 - DEBUG - Process-2 - 자율 주행 모드 비활성 또는 목표 없음. 전차 정지.
2025-06-10 16:34:46,706 - DEBUG - Process-2 - 자율 주행 모드 비활성 또는 목표 없음. 전차 정지.
2025-06-10 16:34:46,810 - DEBUG - Process-2 - 자율 주행 모드 비활성 또는 목표 없음. 전차 정지.
2025-06-10 16:34:46,914 - DEBUG - Process-2 - 자율 주행 모드 비활성 또는 목표 없음. 전차 정지.
2025-06-10 16:34:47,053 - DEBUG - Process-2 - 자율 주행 모드 비활성 또는 목표 없음. 전차 정지.
2025-06-10 16:34:47,157 - DEBUG - Process-2 - 자율 주행 모드 비활성 또는 목표 없음. 전차 정지.
2025-06-10 16:34:47,320 - DEBUG - Process-2 - 자율 주행 모드 비활성 또는 목표 없음. 전차 정지.
2025-06-10 16:34:47,424 - DEBUG - Process-2 - 자율 주행 모드 비활성 또는 목표 없음. 전차 정지.
2025-06-10 16:34:47,582 - DEBUG - Process-2 - 자율 주행 모드 비활성 또는 목표 없음. 전차 정지.
2025-06-10 16:34:47,686 - DEBUG - Process-2 - 자율 주행 모드 비활성 또는 목표 없음. 전차 정지.
2025-06-10 16:34:47,846 - DEBUG - Process-2 - 자율 주행 모드 비활성 또는 목표 없음. 전차 정지.
2025-06-10 16:34:47,993 - DEBUG - Process-2 - 자율 주행 모드 비활성 또는 목표 없음. 전차 정지.
2025-06-10 16:34:48,098 - DEBUG - Process-2 - 자율 주행 모드 비활성 또는 목표 없음. 전차 정지.
2025-06-10 16:34:48,240 - DEBUG - Process-2 - 자율 주행 모드 비활성 또는 목표 없음. 전차 정지.
2025-06-10 16:34:48,343 - DEBUG - Process-2 - 자율 주행 모드 비활성 또는 목표 없음. 전차 정지.
2025-06-10 16:34:48,464 - DEBUG - Process-2 - 자율 주행 모드 비활성 또는 목표 없음. 전차 정지.
2025-06-10 16:34:48,568 - DEBUG - Process-2 - 자율 주행 모드 비활성 또는 목표 없음. 전차 정지.
2025-06-10 16:34:48,721 - DEBUG - Process-2 - 자율 주행 모드 비활성 또는 목표 없음. 전차 정지.
2025-06-10 16:34:48,824 - DEBUG - Process-2 - 자율 주행 모드 비활성 또는 목표 없음. 전차 정지.
2025-06-10 16:34:48,965 - DEBUG - Process-2 - 자율 주행 모드 비활성 또는 목표 없음. 전차 정지.
2025-06-10 16:34:49,069 - DEBUG - Process-2 - 자율 주행 모드 비활성 또는 목표 없음. 전차 정지.
2025-06-10 16:34:49,178 - DEBUG - Process-2 - 자율 주행 모드 비활성 또는 목표 없음. 전차 정지.
2025-06-10 16:34:49,291 - DEBUG - Process-2 - 자율 주행 모드 비활성 또는 목표 없음. 전차 정지.
2025-06-10 16:34:49,398 - DEBUG - Process-2 - 자율 주행 모드 비활성 또는 목표 없음. 전차 정지.
2025-06-10 16:34:49,504 - DEBUG - Process-2 - 자율 주행 모드 비활성 또는 목표 없음. 전차 정지.
2025-06-10 16:34:49,608 - DEBUG - Process-2 - 자율 주행 모드 비활성 또는 목표 없음. 전차 정지.
2025-06-10 16:34:49,763 - DEBUG - Process-2 - 자율 주행 모드 비활성 또는 목표 없음. 전차 정지.
2025-06-10 16:34:49,867 - DEBUG - Process-2 - 자율 주행 모드 비활성 또는 목표 없음. 전차 정지.
2025-06-10 16:34:50,000 - DEBUG - Process-2 - 자율 주행 모드 비활성 또는 목표 없음. 전차 정지.
2025-06-10 16:34:50,104 - DEBUG - Process-2 - 자율 주행 모드 비활성 또는 목표 없음. 전차 정지.
2025-06-10 16:34:50,239 - DEBUG - Process-2 - 자율 주행 모드 비활성 또는 목표 없음. 전차 정지.
2025-06-10 16:34:50,346 - DEBUG - Process-2 - 자율 주행 모드 비활성 또는 목표 없음. 전차 정지.
2025-06-10 16:34:50,451 - DEBUG - Process-2 - 자율 주행 모드 비활성 또는 목표 없음. 전차 정지.
2025-06-10 16:34:50,588 - DEBUG - Process-2 - 자율 주행 모드 비활성 또는 목표 없음. 전차 정지.
2025-06-10 16:34:50,691 - DEBUG - Process-2 - 자율 주행 모드 비활성 또는 목표 없음. 전차 정지.
2025-06-10 16:34:50,846 - DEBUG - Process-2 - 자율 주행 모드 비활성 또는 목표 없음. 전차 정지.
2025-06-10 16:34:50,950 - DEBUG - Process-2 - 자율 주행 모드 비활성 또는 목표 없음. 전차 정지.
2025-06-10 16:34:51,115 - DEBUG - Process-2 - 자율 주행 모드 비활성 또는 목표 없음. 전차 정지.
2025-06-10 16:34:51,221 - DEBUG - Process-2 - 자율 주행 모드 비활성 또는 목표 없음. 전차 정지.
2025-06-10 16:34:51,369 - DEBUG - Process-2 - 자율 주행 모드 비활성 또는 목표 없음. 전차 정지.
2025-06-10 16:34:51,521 - DEBUG - Process-2 - 자율 주행 모드 비활성 또는 목표 없음. 전차 정지.
2025-06-10 16:34:51,625 - DEBUG - Process-2 - 자율 주행 모드 비활성 또는 목표 없음. 전차 정지.
2025-06-10 16:34:51,729 - DEBUG - Process-2 - 자율 주행 모드 비활성 또는 목표 없음. 전차 정지.
2025-06-10 16:34:51,831 - WARNING - Process-2 - 경로 탐색 요청 수신, 그러나 현재 전차 위치 또는 pathfinder 초기화 안됨.
2025-06-10 16:34:51,843 - DEBUG - Process-2 - 자율 주행 모드 비활성 또는 목표 없음. 전차 정지.
2025-06-10 16:34:51,954 - DEBUG - Process-2 - Received data from action_input_q: {'destination': 'STOP'}
2025-06-10 16:34:51,955 - INFO - Process-2 - ✅ Main으로부터 정지 명령 수신. 모든 이동 중지.
2025-06-10 16:34:51,955 - DEBUG - Process-2 - 자율 주행 모드 비활성 또는 목표 없음. 전차 정지.
2025-06-10 16:34:52,061 - DEBUG - Process-2 - 자율 주행 모드 비활성 또는 목표 없음. 전차 정지.
2025-06-10 16:34:52,165 - DEBUG - Process-2 - 자율 주행 모드 비활성 또는 목표 없음. 전차 정지.
2025-06-10 16:34:52,269 - DEBUG - Process-2 - 자율 주행 모드 비활성 또는 목표 없음. 전차 정지.
2025-06-10 16:34:52,373 - DEBUG - Process-2 - 자율 주행 모드 비활성 또는 목표 없음. 전차 정지.
2025-06-10 16:34:52,476 - DEBUG - Process-2 - 자율 주행 모드 비활성 또는 목표 없음. 전차 정지.
2025-06-10 16:34:52,580 - DEBUG - Process-2 - 자율 주행 모드 비활성 또는 목표 없음. 전차 정지.
2025-06-10 16:34:52,728 - DEBUG - Process-2 - 자율 주행 모드 비활성 또는 목표 없음. 전차 정지.
2025-06-10 16:34:52,832 - DEBUG - Process-2 - 자율 주행 모드 비활성 또는 목표 없음. 전차 정지.
2025-06-10 16:34:52,936 - DEBUG - Process-2 - 자율 주행 모드 비활성 또는 목표 없음. 전차 정지.
2025-06-10 16:34:53,040 - DEBUG - Process-2 - 자율 주행 모드 비활성 또는 목표 없음. 전차 정지.
2025-06-10 16:34:53,144 - DEBUG - Process-2 - 자율 주행 모드 비활성 또는 목표 없음. 전차 정지.
2025-06-10 16:34:53,278 - DEBUG - Process-2 - 자율 주행 모드 비활성 또는 목표 없음. 전차 정지.
2025-06-10 16:34:53,384 - DEBUG - Process-2 - 자율 주행 모드 비활성 또는 목표 없음. 전차 정지.
2025-06-10 16:34:53,488 - DEBUG - Process-2 - 자율 주행 모드 비활성 또는 목표 없음. 전차 정지.
2025-06-10 16:34:53,593 - DEBUG - Process-2 - 자율 주행 모드 비활성 또는 목표 없음. 전차 정지.
2025-06-10 16:34:53,709 - DEBUG - Process-2 - 자율 주행 모드 비활성 또는 목표 없음. 전차 정지.
2025-06-10 16:34:53,817 - DEBUG - Process-2 - 자율 주행 모드 비활성 또는 목표 없음. 전차 정지.
2025-06-10 16:34:53,935 - DEBUG - Process-2 - 자율 주행 모드 비활성 또는 목표 없음. 전차 정지.
2025-06-10 16:34:54,040 - DEBUG - Process-2 - 자율 주행 모드 비활성 또는 목표 없음. 전차 정지.
2025-06-10 16:34:54,143 - DEBUG - Process-2 - 자율 주행 모드 비활성 또는 목표 없음. 전차 정지.
2025-06-10 16:34:54,251 - DEBUG - Process-2 - 자율 주행 모드 비활성 또는 목표 없음. 전차 정지.
2025-06-10 16:34:54,362 - DEBUG - Process-2 - 자율 주행 모드 비활성 또는 목표 없음. 전차 정지.
2025-06-10 16:34:54,466 - DEBUG - Process-2 - 자율 주행 모드 비활성 또는 목표 없음. 전차 정지.
2025-06-10 16:34:54,588 - DEBUG - Process-2 - 자율 주행 모드 비활성 또는 목표 없음. 전차 정지.
2025-06-10 16:34:54,698 - DEBUG - Process-2 - 자율 주행 모드 비활성 또는 목표 없음. 전차 정지.
2025-06-10 16:34:54,860 - DEBUG - Process-2 - 자율 주행 모드 비활성 또는 목표 없음. 전차 정지.
2025-06-10 16:34:55,023 - DEBUG - Process-2 - 자율 주행 모드 비활성 또는 목표 없음. 전차 정지.
2025-06-10 16:34:55,132 - DEBUG - Process-2 - 자율 주행 모드 비활성 또는 목표 없음. 전차 정지.
2025-06-10 16:34:55,244 - DEBUG - Process-2 - 자율 주행 모드 비활성 또는 목표 없음. 전차 정지.
2025-06-10 16:34:55,348 - DEBUG - Process-2 - 자율 주행 모드 비활성 또는 목표 없음. 전차 정지.
2025-06-10 16:34:55,452 - DEBUG - Process-2 - 자율 주행 모드 비활성 또는 목표 없음. 전차 정지.
2025-06-10 16:34:55,556 - DEBUG - Process-2 - 자율 주행 모드 비활성 또는 목표 없음. 전차 정지.
2025-06-10 16:34:55,661 - DEBUG - Process-2 - 자율 주행 모드 비활성 또는 목표 없음. 전차 정지.
2025-06-10 16:34:55,790 - DEBUG - Process-2 - 자율 주행 모드 비활성 또는 목표 없음. 전차 정지.
2025-06-10 16:34:55,894 - DEBUG - Process-2 - 자율 주행 모드 비활성 또는 목표 없음. 전차 정지.
2025-06-10 16:34:56,052 - DEBUG - Process-2 - 자율 주행 모드 비활성 또는 목표 없음. 전차 정지.
2025-06-10 16:48:37,090 - INFO - Process-2 - 🚀 전차 목표 추적 시스템 (Action Worker) 시작
2025-06-10 16:48:37,103 - CRITICAL - Process-2 - DEBUG: Current effective log level for 'action_worker_process': 10
2025-06-10 16:48:44,659 - DEBUG - Process-2 - 자율 주행 모드 비활성 또는 목표 없음. 전차 정지.
2025-06-10 16:48:44,777 - DEBUG - Process-2 - 자율 주행 모드 비활성 또는 목표 없음. 전차 정지.
2025-06-10 16:48:44,894 - DEBUG - Process-2 - 자율 주행 모드 비활성 또는 목표 없음. 전차 정지.
2025-06-10 16:48:45,004 - DEBUG - Process-2 - 자율 주행 모드 비활성 또는 목표 없음. 전차 정지.
2025-06-10 16:48:45,118 - DEBUG - Process-2 - 자율 주행 모드 비활성 또는 목표 없음. 전차 정지.
2025-06-10 16:48:45,224 - DEBUG - Process-2 - 자율 주행 모드 비활성 또는 목표 없음. 전차 정지.
2025-06-10 16:48:45,337 - DEBUG - Process-2 - 자율 주행 모드 비활성 또는 목표 없음. 전차 정지.
2025-06-10 16:48:45,454 - DEBUG - Process-2 - 자율 주행 모드 비활성 또는 목표 없음. 전차 정지.
2025-06-10 16:48:45,563 - DEBUG - Process-2 - 자율 주행 모드 비활성 또는 목표 없음. 전차 정지.
2025-06-10 16:48:45,676 - DEBUG - Process-2 - 자율 주행 모드 비활성 또는 목표 없음. 전차 정지.
2025-06-10 16:48:45,912 - DEBUG - Process-2 - 자율 주행 모드 비활성 또는 목표 없음. 전차 정지.
2025-06-10 16:48:46,055 - DEBUG - Process-2 - 자율 주행 모드 비활성 또는 목표 없음. 전차 정지.
2025-06-10 16:48:46,160 - DEBUG - Process-2 - 자율 주행 모드 비활성 또는 목표 없음. 전차 정지.
2025-06-10 16:48:46,263 - DEBUG - Process-2 - 자율 주행 모드 비활성 또는 목표 없음. 전차 정지.
2025-06-10 16:48:46,368 - DEBUG - Process-2 - 자율 주행 모드 비활성 또는 목표 없음. 전차 정지.
2025-06-10 16:48:46,473 - DEBUG - Process-2 - 자율 주행 모드 비활성 또는 목표 없음. 전차 정지.
2025-06-10 16:48:46,578 - DEBUG - Process-2 - 자율 주행 모드 비활성 또는 목표 없음. 전차 정지.
2025-06-10 16:48:46,682 - DEBUG - Process-2 - 자율 주행 모드 비활성 또는 목표 없음. 전차 정지.
2025-06-10 16:48:46,787 - DEBUG - Process-2 - 자율 주행 모드 비활성 또는 목표 없음. 전차 정지.
2025-06-10 16:48:46,891 - DEBUG - Process-2 - 자율 주행 모드 비활성 또는 목표 없음. 전차 정지.
2025-06-10 16:48:47,027 - DEBUG - Process-2 - 자율 주행 모드 비활성 또는 목표 없음. 전차 정지.
2025-06-10 16:48:47,131 - DEBUG - Process-2 - 자율 주행 모드 비활성 또는 목표 없음. 전차 정지.
2025-06-10 16:48:47,268 - DEBUG - Process-2 - 자율 주행 모드 비활성 또는 목표 없음. 전차 정지.
2025-06-10 16:48:47,419 - DEBUG - Process-2 - 자율 주행 모드 비활성 또는 목표 없음. 전차 정지.
2025-06-10 16:48:47,523 - DEBUG - Process-2 - 자율 주행 모드 비활성 또는 목표 없음. 전차 정지.
2025-06-10 16:48:47,627 - DEBUG - Process-2 - 자율 주행 모드 비활성 또는 목표 없음. 전차 정지.
2025-06-10 16:48:47,750 - WARNING - Process-2 - 경로 탐색 요청 수신, 그러나 현재 전차 위치 또는 pathfinder 초기화 안됨.
2025-06-10 16:48:47,831 - DEBUG - Process-2 - Received data from action_input_q: {'destination': 'STOP'}
2025-06-10 16:48:47,831 - INFO - Process-2 - ✅ Main으로부터 정지 명령 수신. 모든 이동 중지.
2025-06-10 16:48:47,832 - DEBUG - Process-2 - 자율 주행 모드 비활성 또는 목표 없음. 전차 정지.
2025-06-10 16:48:47,938 - DEBUG - Process-2 - 자율 주행 모드 비활성 또는 목표 없음. 전차 정지.
2025-06-10 16:48:48,171 - DEBUG - Process-2 - 자율 주행 모드 비활성 또는 목표 없음. 전차 정지.
2025-06-10 16:48:48,295 - DEBUG - Process-2 - 자율 주행 모드 비활성 또는 목표 없음. 전차 정지.
2025-06-10 16:48:48,400 - DEBUG - Process-2 - 자율 주행 모드 비활성 또는 목표 없음. 전차 정지.
2025-06-10 16:48:48,578 - DEBUG - Process-2 - 자율 주행 모드 비활성 또는 목표 없음. 전차 정지.
2025-06-10 16:48:48,836 - DEBUG - Process-2 - 자율 주행 모드 비활성 또는 목표 없음. 전차 정지.
2025-06-10 16:48:48,941 - DEBUG - Process-2 - 자율 주행 모드 비활성 또는 목표 없음. 전차 정지.
2025-06-10 16:48:49,046 - DEBUG - Process-2 - 자율 주행 모드 비활성 또는 목표 없음. 전차 정지.
2025-06-10 16:48:49,152 - DEBUG - Process-2 - 자율 주행 모드 비활성 또는 목표 없음. 전차 정지.
2025-06-10 16:48:49,305 - DEBUG - Process-2 - 자율 주행 모드 비활성 또는 목표 없음. 전차 정지.
2025-06-10 16:48:49,409 - DEBUG - Process-2 - 자율 주행 모드 비활성 또는 목표 없음. 전차 정지.
2025-06-10 16:48:49,514 - DEBUG - Process-2 - 자율 주행 모드 비활성 또는 목표 없음. 전차 정지.
2025-06-10 16:48:49,619 - DEBUG - Process-2 - 자율 주행 모드 비활성 또는 목표 없음. 전차 정지.
2025-06-10 16:48:49,771 - DEBUG - Process-2 - 자율 주행 모드 비활성 또는 목표 없음. 전차 정지.
2025-06-10 16:48:49,875 - DEBUG - Process-2 - 자율 주행 모드 비활성 또는 목표 없음. 전차 정지.
2025-06-10 16:48:49,979 - DEBUG - Process-2 - 자율 주행 모드 비활성 또는 목표 없음. 전차 정지.
2025-06-10 16:48:50,126 - DEBUG - Process-2 - 자율 주행 모드 비활성 또는 목표 없음. 전차 정지.
2025-06-10 16:48:50,248 - WARNING - Process-2 - 경로 탐색 요청 수신, 그러나 현재 전차 위치 또는 pathfinder 초기화 안됨.
2025-06-10 16:48:50,266 - DEBUG - Process-2 - 자율 주행 모드 비활성 또는 목표 없음. 전차 정지.
2025-06-10 16:48:50,466 - DEBUG - Process-2 - Received data from action_input_q: {'destination': 'STOP'}
2025-06-10 16:48:50,466 - INFO - Process-2 - ✅ Main으로부터 정지 명령 수신. 모든 이동 중지.
2025-06-10 16:48:50,467 - DEBUG - Process-2 - 자율 주행 모드 비활성 또는 목표 없음. 전차 정지.
2025-06-10 16:48:50,570 - DEBUG - Process-2 - 자율 주행 모드 비활성 또는 목표 없음. 전차 정지.
2025-06-10 16:48:50,764 - DEBUG - Process-2 - 자율 주행 모드 비활성 또는 목표 없음. 전차 정지.
2025-06-10 16:48:50,868 - DEBUG - Process-2 - 자율 주행 모드 비활성 또는 목표 없음. 전차 정지.
2025-06-10 16:48:50,972 - DEBUG - Process-2 - 자율 주행 모드 비활성 또는 목표 없음. 전차 정지.
2025-06-10 16:48:51,095 - WARNING - Process-2 - 경로 탐색 요청 수신, 그러나 현재 전차 위치 또는 pathfinder 초기화 안됨.
2025-06-10 16:48:51,106 - DEBUG - Process-2 - Received data from action_input_q: {'destination': 'STOP'}
2025-06-10 16:48:51,107 - INFO - Process-2 - ✅ Main으로부터 정지 명령 수신. 모든 이동 중지.
2025-06-10 16:48:51,108 - DEBUG - Process-2 - 자율 주행 모드 비활성 또는 목표 없음. 전차 정지.
2025-06-10 16:48:51,218 - DEBUG - Process-2 - 자율 주행 모드 비활성 또는 목표 없음. 전차 정지.
2025-06-10 16:48:51,366 - DEBUG - Process-2 - 자율 주행 모드 비활성 또는 목표 없음. 전차 정지.
2025-06-10 16:48:51,534 - DEBUG - Process-2 - 자율 주행 모드 비활성 또는 목표 없음. 전차 정지.
2025-06-10 16:48:51,719 - DEBUG - Process-2 - 자율 주행 모드 비활성 또는 목표 없음. 전차 정지.
2025-06-10 16:48:51,876 - DEBUG - Process-2 - 자율 주행 모드 비활성 또는 목표 없음. 전차 정지.
2025-06-10 16:48:51,977 - WARNING - Process-2 - 경로 탐색 요청 수신, 그러나 현재 전차 위치 또는 pathfinder 초기화 안됨.
2025-06-10 16:48:51,981 - DEBUG - Process-2 - 자율 주행 모드 비활성 또는 목표 없음. 전차 정지.
2025-06-10 16:48:52,093 - DEBUG - Process-2 - Received data from action_input_q: {'destination': 'STOP'}
2025-06-10 16:48:52,093 - INFO - Process-2 - ✅ Main으로부터 정지 명령 수신. 모든 이동 중지.
2025-06-10 16:48:52,094 - DEBUG - Process-2 - 자율 주행 모드 비활성 또는 목표 없음. 전차 정지.
2025-06-10 16:48:52,197 - DEBUG - Process-2 - 자율 주행 모드 비활성 또는 목표 없음. 전차 정지.
2025-06-10 16:48:52,373 - DEBUG - Process-2 - 자율 주행 모드 비활성 또는 목표 없음. 전차 정지.
2025-06-10 16:48:52,477 - DEBUG - Process-2 - 자율 주행 모드 비활성 또는 목표 없음. 전차 정지.
2025-06-10 16:48:52,583 - DEBUG - Process-2 - 자율 주행 모드 비활성 또는 목표 없음. 전차 정지.
2025-06-10 16:48:52,770 - DEBUG - Process-2 - 자율 주행 모드 비활성 또는 목표 없음. 전차 정지.
2025-06-10 16:48:52,918 - DEBUG - Process-2 - 자율 주행 모드 비활성 또는 목표 없음. 전차 정지.
2025-06-10 16:48:53,021 - DEBUG - Process-2 - 자율 주행 모드 비활성 또는 목표 없음. 전차 정지.
2025-06-10 16:48:53,194 - DEBUG - Process-2 - 자율 주행 모드 비활성 또는 목표 없음. 전차 정지.
2025-06-10 16:48:53,330 - DEBUG - Process-2 - 자율 주행 모드 비활성 또는 목표 없음. 전차 정지.
2025-06-10 16:48:53,435 - DEBUG - Process-2 - 자율 주행 모드 비활성 또는 목표 없음. 전차 정지.
2025-06-10 16:48:53,617 - DEBUG - Process-2 - 자율 주행 모드 비활성 또는 목표 없음. 전차 정지.
2025-06-10 16:48:53,719 - WARNING - Process-2 - 경로 탐색 요청 수신, 그러나 현재 전차 위치 또는 pathfinder 초기화 안됨.
2025-06-10 16:48:53,780 - DEBUG - Process-2 - 자율 주행 모드 비활성 또는 목표 없음. 전차 정지.
2025-06-10 16:48:53,991 - DEBUG - Process-2 - Received data from action_input_q: {'destination': 'STOP'}
2025-06-10 16:48:53,992 - INFO - Process-2 - ✅ Main으로부터 정지 명령 수신. 모든 이동 중지.
2025-06-10 16:48:53,992 - DEBUG - Process-2 - 자율 주행 모드 비활성 또는 목표 없음. 전차 정지.
2025-06-10 16:48:54,113 - DEBUG - Process-2 - 자율 주행 모드 비활성 또는 목표 없음. 전차 정지.
2025-06-10 16:48:54,217 - DEBUG - Process-2 - 자율 주행 모드 비활성 또는 목표 없음. 전차 정지.
2025-06-10 16:48:54,375 - DEBUG - Process-2 - 자율 주행 모드 비활성 또는 목표 없음. 전차 정지.
2025-06-10 16:48:54,479 - DEBUG - Process-2 - 자율 주행 모드 비활성 또는 목표 없음. 전차 정지.
2025-06-10 16:48:54,661 - DEBUG - Process-2 - 자율 주행 모드 비활성 또는 목표 없음. 전차 정지.
2025-06-10 16:48:54,770 - DEBUG - Process-2 - 자율 주행 모드 비활성 또는 목표 없음. 전차 정지.
2025-06-10 16:48:54,871 - WARNING - Process-2 - 경로 탐색 요청 수신, 그러나 현재 전차 위치 또는 pathfinder 초기화 안됨.
2025-06-10 16:48:54,997 - DEBUG - Process-2 - Received data from action_input_q: {'destination': 'STOP'}
2025-06-10 16:48:54,997 - INFO - Process-2 - ✅ Main으로부터 정지 명령 수신. 모든 이동 중지.
2025-06-10 16:48:54,998 - DEBUG - Process-2 - 자율 주행 모드 비활성 또는 목표 없음. 전차 정지.
2025-06-10 16:48:55,114 - DEBUG - Process-2 - 자율 주행 모드 비활성 또는 목표 없음. 전차 정지.
2025-06-10 16:48:55,322 - DEBUG - Process-2 - 자율 주행 모드 비활성 또는 목표 없음. 전차 정지.
2025-06-10 16:48:55,436 - WARNING - Process-2 - 경로 탐색 요청 수신, 그러나 현재 전차 위치 또는 pathfinder 초기화 안됨.
2025-06-10 16:48:55,485 - DEBUG - Process-2 - 자율 주행 모드 비활성 또는 목표 없음. 전차 정지.
2025-06-10 16:48:55,590 - DEBUG - Process-2 - Received data from action_input_q: {'destination': 'STOP'}
2025-06-10 16:48:55,591 - INFO - Process-2 - ✅ Main으로부터 정지 명령 수신. 모든 이동 중지.
2025-06-10 16:48:55,591 - DEBUG - Process-2 - 자율 주행 모드 비활성 또는 목표 없음. 전차 정지.
2025-06-10 16:48:55,699 - DEBUG - Process-2 - 자율 주행 모드 비활성 또는 목표 없음. 전차 정지.
2025-06-10 16:48:55,804 - DEBUG - Process-2 - 자율 주행 모드 비활성 또는 목표 없음. 전차 정지.
2025-06-10 16:48:55,908 - DEBUG - Process-2 - 자율 주행 모드 비활성 또는 목표 없음. 전차 정지.
2025-06-10 16:48:56,012 - DEBUG - Process-2 - 자율 주행 모드 비활성 또는 목표 없음. 전차 정지.
2025-06-10 16:48:56,125 - DEBUG - Process-2 - 자율 주행 모드 비활성 또는 목표 없음. 전차 정지.
2025-06-10 16:48:56,281 - DEBUG - Process-2 - 자율 주행 모드 비활성 또는 목표 없음. 전차 정지.
2025-06-10 16:48:56,382 - WARNING - Process-2 - 경로 탐색 요청 수신, 그러나 현재 전차 위치 또는 pathfinder 초기화 안됨.
2025-06-10 16:48:56,477 - DEBUG - Process-2 - Received data from action_input_q: {'destination': 'STOP'}
2025-06-10 16:48:56,477 - INFO - Process-2 - ✅ Main으로부터 정지 명령 수신. 모든 이동 중지.
2025-06-10 16:48:56,478 - DEBUG - Process-2 - 자율 주행 모드 비활성 또는 목표 없음. 전차 정지.
2025-06-10 16:48:56,582 - DEBUG - Process-2 - 자율 주행 모드 비활성 또는 목표 없음. 전차 정지.
2025-06-10 16:48:56,731 - DEBUG - Process-2 - 자율 주행 모드 비활성 또는 목표 없음. 전차 정지.
2025-06-10 16:48:56,870 - DEBUG - Process-2 - 자율 주행 모드 비활성 또는 목표 없음. 전차 정지.
2025-06-10 16:48:56,995 - DEBUG - Process-2 - 자율 주행 모드 비활성 또는 목표 없음. 전차 정지.
2025-06-10 16:48:57,158 - DEBUG - Process-2 - 자율 주행 모드 비활성 또는 목표 없음. 전차 정지.
2025-06-10 16:48:57,270 - DEBUG - Process-2 - 자율 주행 모드 비활성 또는 목표 없음. 전차 정지.
2025-06-10 16:48:57,425 - DEBUG - Process-2 - 자율 주행 모드 비활성 또는 목표 없음. 전차 정지.
2025-06-10 16:48:57,559 - DEBUG - Process-2 - 자율 주행 모드 비활성 또는 목표 없음. 전차 정지.
2025-06-10 16:48:57,667 - DEBUG - Process-2 - 자율 주행 모드 비활성 또는 목표 없음. 전차 정지.
2025-06-10 16:48:57,769 - WARNING - Process-2 - 경로 탐색 요청 수신, 그러나 현재 전차 위치 또는 pathfinder 초기화 안됨.
2025-06-10 16:48:57,772 - DEBUG - Process-2 - 자율 주행 모드 비활성 또는 목표 없음. 전차 정지.
2025-06-10 16:48:57,928 - DEBUG - Process-2 - Received data from action_input_q: {'destination': 'STOP'}
2025-06-10 16:48:57,928 - INFO - Process-2 - ✅ Main으로부터 정지 명령 수신. 모든 이동 중지.
2025-06-10 16:48:57,929 - DEBUG - Process-2 - 자율 주행 모드 비활성 또는 목표 없음. 전차 정지.
2025-06-10 16:48:58,032 - DEBUG - Process-2 - 자율 주행 모드 비활성 또는 목표 없음. 전차 정지.
2025-06-10 16:48:58,183 - DEBUG - Process-2 - 자율 주행 모드 비활성 또는 목표 없음. 전차 정지.
2025-06-10 16:48:58,300 - DEBUG - Process-2 - 자율 주행 모드 비활성 또는 목표 없음. 전차 정지.
2025-06-10 16:48:58,434 - DEBUG - Process-2 - 자율 주행 모드 비활성 또는 목표 없음. 전차 정지.
2025-06-10 16:48:58,627 - DEBUG - Process-2 - 자율 주행 모드 비활성 또는 목표 없음. 전차 정지.
2025-06-10 16:48:58,728 - WARNING - Process-2 - 경로 탐색 요청 수신, 그러나 현재 전차 위치 또는 pathfinder 초기화 안됨.
2025-06-10 16:48:58,744 - DEBUG - Process-2 - 자율 주행 모드 비활성 또는 목표 없음. 전차 정지.
2025-06-10 16:48:58,849 - DEBUG - Process-2 - Received data from action_input_q: {'destination': 'STOP'}
2025-06-10 16:48:58,850 - INFO - Process-2 - ✅ Main으로부터 정지 명령 수신. 모든 이동 중지.
2025-06-10 16:48:58,850 - DEBUG - Process-2 - 자율 주행 모드 비활성 또는 목표 없음. 전차 정지.
2025-06-10 16:48:58,954 - DEBUG - Process-2 - 자율 주행 모드 비활성 또는 목표 없음. 전차 정지.
2025-06-10 16:48:59,058 - DEBUG - Process-2 - 자율 주행 모드 비활성 또는 목표 없음. 전차 정지.
2025-06-10 16:48:59,159 - WARNING - Process-2 - 경로 탐색 요청 수신, 그러나 현재 전차 위치 또는 pathfinder 초기화 안됨.
2025-06-10 16:48:59,162 - DEBUG - Process-2 - 자율 주행 모드 비활성 또는 목표 없음. 전차 정지.
2025-06-10 16:48:59,294 - DEBUG - Process-2 - Received data from action_input_q: {'destination': 'STOP'}
2025-06-10 16:48:59,294 - INFO - Process-2 - ✅ Main으로부터 정지 명령 수신. 모든 이동 중지.
2025-06-10 16:48:59,295 - DEBUG - Process-2 - 자율 주행 모드 비활성 또는 목표 없음. 전차 정지.
2025-06-10 16:48:59,398 - DEBUG - Process-2 - 자율 주행 모드 비활성 또는 목표 없음. 전차 정지.
2025-06-10 16:48:59,618 - DEBUG - Process-2 - 자율 주행 모드 비활성 또는 목표 없음. 전차 정지.
2025-06-10 16:48:59,747 - DEBUG - Process-2 - 자율 주행 모드 비활성 또는 목표 없음. 전차 정지.
2025-06-10 16:48:59,848 - WARNING - Process-2 - 경로 탐색 요청 수신, 그러나 현재 전차 위치 또는 pathfinder 초기화 안됨.
2025-06-10 16:48:59,870 - DEBUG - Process-2 - Received data from action_input_q: {'destination': 'STOP'}
2025-06-10 16:48:59,870 - INFO - Process-2 - ✅ Main으로부터 정지 명령 수신. 모든 이동 중지.
2025-06-10 16:48:59,871 - DEBUG - Process-2 - 자율 주행 모드 비활성 또는 목표 없음. 전차 정지.
2025-06-10 16:48:59,995 - DEBUG - Process-2 - 자율 주행 모드 비활성 또는 목표 없음. 전차 정지.
2025-06-10 16:49:00,161 - DEBUG - Process-2 - 자율 주행 모드 비활성 또는 목표 없음. 전차 정지.
2025-06-10 16:49:00,265 - DEBUG - Process-2 - 자율 주행 모드 비활성 또는 목표 없음. 전차 정지.
2025-06-10 16:49:00,375 - DEBUG - Process-2 - 자율 주행 모드 비활성 또는 목표 없음. 전차 정지.
2025-06-10 16:49:00,480 - DEBUG - Process-2 - 자율 주행 모드 비활성 또는 목표 없음. 전차 정지.
2025-06-10 16:49:00,585 - DEBUG - Process-2 - 자율 주행 모드 비활성 또는 목표 없음. 전차 정지.
2025-06-10 16:49:00,690 - DEBUG - Process-2 - 자율 주행 모드 비활성 또는 목표 없음. 전차 정지.
2025-06-10 16:49:00,813 - WARNING - Process-2 - 경로 탐색 요청 수신, 그러나 현재 전차 위치 또는 pathfinder 초기화 안됨.
2025-06-10 16:49:00,829 - DEBUG - Process-2 - 자율 주행 모드 비활성 또는 목표 없음. 전차 정지.
2025-06-10 16:49:00,934 - DEBUG - Process-2 - Received data from action_input_q: {'destination': 'STOP'}
2025-06-10 16:49:00,934 - INFO - Process-2 - ✅ Main으로부터 정지 명령 수신. 모든 이동 중지.
2025-06-10 16:49:00,935 - DEBUG - Process-2 - 자율 주행 모드 비활성 또는 목표 없음. 전차 정지.
2025-06-10 16:49:01,074 - DEBUG - Process-2 - 자율 주행 모드 비활성 또는 목표 없음. 전차 정지.
2025-06-10 16:49:01,189 - DEBUG - Process-2 - 자율 주행 모드 비활성 또는 목표 없음. 전차 정지.
2025-06-10 16:49:01,293 - DEBUG - Process-2 - 자율 주행 모드 비활성 또는 목표 없음. 전차 정지.
2025-06-10 16:49:01,395 - WARNING - Process-2 - 경로 탐색 요청 수신, 그러나 현재 전차 위치 또는 pathfinder 초기화 안됨.
2025-06-10 16:49:01,417 - DEBUG - Process-2 - Received data from action_input_q: {'destination': 'STOP'}
2025-06-10 16:49:01,417 - INFO - Process-2 - ✅ Main으로부터 정지 명령 수신. 모든 이동 중지.
2025-06-10 16:49:01,418 - DEBUG - Process-2 - 자율 주행 모드 비활성 또는 목표 없음. 전차 정지.
2025-06-10 16:49:01,522 - DEBUG - Process-2 - 자율 주행 모드 비활성 또는 목표 없음. 전차 정지.
2025-06-10 16:49:01,626 - DEBUG - Process-2 - 자율 주행 모드 비활성 또는 목표 없음. 전차 정지.
2025-06-10 16:49:01,727 - WARNING - Process-2 - 경로 탐색 요청 수신, 그러나 현재 전차 위치 또는 pathfinder 초기화 안됨.
2025-06-10 16:49:01,731 - DEBUG - Process-2 - 자율 주행 모드 비활성 또는 목표 없음. 전차 정지.
2025-06-10 16:49:01,834 - DEBUG - Process-2 - Received data from action_input_q: {'destination': 'STOP'}
2025-06-10 16:49:01,835 - INFO - Process-2 - ✅ Main으로부터 정지 명령 수신. 모든 이동 중지.
2025-06-10 16:49:01,835 - DEBUG - Process-2 - 자율 주행 모드 비활성 또는 목표 없음. 전차 정지.
2025-06-10 16:49:01,945 - DEBUG - Process-2 - 자율 주행 모드 비활성 또는 목표 없음. 전차 정지.
2025-06-10 16:49:02,049 - DEBUG - Process-2 - 자율 주행 모드 비활성 또는 목표 없음. 전차 정지.
2025-06-10 16:49:02,203 - DEBUG - Process-2 - 자율 주행 모드 비활성 또는 목표 없음. 전차 정지.
2025-06-10 16:49:02,307 - DEBUG - Process-2 - 자율 주행 모드 비활성 또는 목표 없음. 전차 정지.
2025-06-10 16:49:02,435 - DEBUG - Process-2 - 자율 주행 모드 비활성 또는 목표 없음. 전차 정지.
2025-06-10 16:49:02,539 - DEBUG - Process-2 - 자율 주행 모드 비활성 또는 목표 없음. 전차 정지.
2025-06-10 16:49:02,643 - DEBUG - Process-2 - 자율 주행 모드 비활성 또는 목표 없음. 전차 정지.
2025-06-10 16:49:02,745 - WARNING - Process-2 - 경로 탐색 요청 수신, 그러나 현재 전차 위치 또는 pathfinder 초기화 안됨.
2025-06-10 16:49:02,748 - DEBUG - Process-2 - 자율 주행 모드 비활성 또는 목표 없음. 전차 정지.
2025-06-10 16:49:02,852 - DEBUG - Process-2 - Received data from action_input_q: {'destination': 'STOP'}
2025-06-10 16:49:02,852 - INFO - Process-2 - ✅ Main으로부터 정지 명령 수신. 모든 이동 중지.
2025-06-10 16:49:02,853 - DEBUG - Process-2 - 자율 주행 모드 비활성 또는 목표 없음. 전차 정지.
2025-06-10 16:49:02,956 - DEBUG - Process-2 - 자율 주행 모드 비활성 또는 목표 없음. 전차 정지.
2025-06-10 16:49:03,060 - DEBUG - Process-2 - 자율 주행 모드 비활성 또는 목표 없음. 전차 정지.
2025-06-10 16:49:03,210 - DEBUG - Process-2 - 자율 주행 모드 비활성 또는 목표 없음. 전차 정지.
2025-06-10 16:49:03,320 - DEBUG - Process-2 - 자율 주행 모드 비활성 또는 목표 없음. 전차 정지.
2025-06-10 16:49:03,424 - DEBUG - Process-2 - 자율 주행 모드 비활성 또는 목표 없음. 전차 정지.
2025-06-10 16:49:03,579 - DEBUG - Process-2 - 자율 주행 모드 비활성 또는 목표 없음. 전차 정지.
2025-06-10 16:49:03,684 - DEBUG - Process-2 - 자율 주행 모드 비활성 또는 목표 없음. 전차 정지.
2025-06-10 16:49:03,788 - DEBUG - Process-2 - 자율 주행 모드 비활성 또는 목표 없음. 전차 정지.
2025-06-10 16:49:03,892 - DEBUG - Process-2 - 자율 주행 모드 비활성 또는 목표 없음. 전차 정지.
2025-06-10 16:49:03,993 - WARNING - Process-2 - 경로 탐색 요청 수신, 그러나 현재 전차 위치 또는 pathfinder 초기화 안됨.
2025-06-10 16:49:03,997 - DEBUG - Process-2 - 자율 주행 모드 비활성 또는 목표 없음. 전차 정지.
2025-06-10 16:49:04,101 - DEBUG - Process-2 - Received data from action_input_q: {'destination': 'STOP'}
2025-06-10 16:49:04,101 - INFO - Process-2 - ✅ Main으로부터 정지 명령 수신. 모든 이동 중지.
2025-06-10 16:49:04,101 - DEBUG - Process-2 - 자율 주행 모드 비활성 또는 목표 없음. 전차 정지.
2025-06-10 16:49:04,205 - DEBUG - Process-2 - 자율 주행 모드 비활성 또는 목표 없음. 전차 정지.
2025-06-10 16:49:04,309 - DEBUG - Process-2 - 자율 주행 모드 비활성 또는 목표 없음. 전차 정지.
2025-06-10 16:49:04,413 - DEBUG - Process-2 - 자율 주행 모드 비활성 또는 목표 없음. 전차 정지.
2025-06-10 16:49:04,518 - DEBUG - Process-2 - 자율 주행 모드 비활성 또는 목표 없음. 전차 정지.
2025-06-10 16:49:04,622 - DEBUG - Process-2 - 자율 주행 모드 비활성 또는 목표 없음. 전차 정지.
2025-06-10 16:49:04,723 - WARNING - Process-2 - 경로 탐색 요청 수신, 그러나 현재 전차 위치 또는 pathfinder 초기화 안됨.
2025-06-10 16:49:04,727 - DEBUG - Process-2 - 자율 주행 모드 비활성 또는 목표 없음. 전차 정지.
2025-06-10 16:49:04,865 - DEBUG - Process-2 - Received data from action_input_q: {'destination': 'STOP'}
2025-06-10 16:49:04,866 - INFO - Process-2 - ✅ Main으로부터 정지 명령 수신. 모든 이동 중지.
2025-06-10 16:49:04,866 - DEBUG - Process-2 - 자율 주행 모드 비활성 또는 목표 없음. 전차 정지.
2025-06-10 16:49:04,980 - DEBUG - Process-2 - 자율 주행 모드 비활성 또는 목표 없음. 전차 정지.
2025-06-10 16:49:05,084 - DEBUG - Process-2 - 자율 주행 모드 비활성 또는 목표 없음. 전차 정지.
2025-06-10 16:49:05,188 - DEBUG - Process-2 - 자율 주행 모드 비활성 또는 목표 없음. 전차 정지.
2025-06-10 16:49:05,309 - DEBUG - Process-2 - 자율 주행 모드 비활성 또는 목표 없음. 전차 정지.
2025-06-10 16:49:05,425 - DEBUG - Process-2 - 자율 주행 모드 비활성 또는 목표 없음. 전차 정지.
2025-06-10 16:49:05,530 - DEBUG - Process-2 - 자율 주행 모드 비활성 또는 목표 없음. 전차 정지.
2025-06-10 16:49:05,631 - WARNING - Process-2 - 경로 탐색 요청 수신, 그러나 현재 전차 위치 또는 pathfinder 초기화 안됨.
2025-06-10 16:49:05,634 - DEBUG - Process-2 - 자율 주행 모드 비활성 또는 목표 없음. 전차 정지.
2025-06-10 16:49:05,743 - DEBUG - Process-2 - Received data from action_input_q: {'destination': 'STOP'}
2025-06-10 16:49:05,743 - INFO - Process-2 - ✅ Main으로부터 정지 명령 수신. 모든 이동 중지.
2025-06-10 16:49:05,744 - DEBUG - Process-2 - 자율 주행 모드 비활성 또는 목표 없음. 전차 정지.
2025-06-10 16:49:05,848 - DEBUG - Process-2 - 자율 주행 모드 비활성 또는 목표 없음. 전차 정지.
2025-06-10 16:49:05,949 - WARNING - Process-2 - 경로 탐색 요청 수신, 그러나 현재 전차 위치 또는 pathfinder 초기화 안됨.
2025-06-10 16:49:05,971 - DEBUG - Process-2 - Received data from action_input_q: {'destination': 'STOP'}
2025-06-10 16:49:05,971 - INFO - Process-2 - ✅ Main으로부터 정지 명령 수신. 모든 이동 중지.
2025-06-10 16:49:05,972 - DEBUG - Process-2 - 자율 주행 모드 비활성 또는 목표 없음. 전차 정지.
2025-06-10 16:49:06,093 - DEBUG - Process-2 - 자율 주행 모드 비활성 또는 목표 없음. 전차 정지.
2025-06-10 16:49:06,203 - DEBUG - Process-2 - 자율 주행 모드 비활성 또는 목표 없음. 전차 정지.
2025-06-10 16:49:06,325 - WARNING - Process-2 - 경로 탐색 요청 수신, 그러나 현재 전차 위치 또는 pathfinder 초기화 안됨.
2025-06-10 16:49:06,359 - DEBUG - Process-2 - Received data from action_input_q: {'destination': 'STOP'}
2025-06-10 16:49:06,359 - INFO - Process-2 - ✅ Main으로부터 정지 명령 수신. 모든 이동 중지.
2025-06-10 16:49:06,360 - DEBUG - Process-2 - 자율 주행 모드 비활성 또는 목표 없음. 전차 정지.
2025-06-10 16:49:06,464 - DEBUG - Process-2 - 자율 주행 모드 비활성 또는 목표 없음. 전차 정지.
2025-06-10 16:49:06,617 - DEBUG - Process-2 - 자율 주행 모드 비활성 또는 목표 없음. 전차 정지.
2025-06-10 16:49:06,720 - DEBUG - Process-2 - 자율 주행 모드 비활성 또는 목표 없음. 전차 정지.
2025-06-10 16:49:06,821 - WARNING - Process-2 - 경로 탐색 요청 수신, 그러나 현재 전차 위치 또는 pathfinder 초기화 안됨.
2025-06-10 16:49:06,828 - DEBUG - Process-2 - 자율 주행 모드 비활성 또는 목표 없음. 전차 정지.
2025-06-10 16:49:06,967 - DEBUG - Process-2 - Received data from action_input_q: {'destination': 'STOP'}
2025-06-10 16:49:06,968 - INFO - Process-2 - ✅ Main으로부터 정지 명령 수신. 모든 이동 중지.
2025-06-10 16:49:06,968 - DEBUG - Process-2 - 자율 주행 모드 비활성 또는 목표 없음. 전차 정지.
2025-06-10 16:49:07,077 - DEBUG - Process-2 - 자율 주행 모드 비활성 또는 목표 없음. 전차 정지.
2025-06-10 16:49:07,226 - DEBUG - Process-2 - 자율 주행 모드 비활성 또는 목표 없음. 전차 정지.
2025-06-10 16:49:07,341 - DEBUG - Process-2 - 자율 주행 모드 비활성 또는 목표 없음. 전차 정지.
2025-06-10 16:49:07,491 - DEBUG - Process-2 - 자율 주행 모드 비활성 또는 목표 없음. 전차 정지.
2025-06-10 16:49:07,596 - DEBUG - Process-2 - 자율 주행 모드 비활성 또는 목표 없음. 전차 정지.
2025-06-10 16:49:07,737 - DEBUG - Process-2 - 자율 주행 모드 비활성 또는 목표 없음. 전차 정지.
2025-06-10 16:49:07,838 - WARNING - Process-2 - 경로 탐색 요청 수신, 그러나 현재 전차 위치 또는 pathfinder 초기화 안됨.
2025-06-10 16:49:07,857 - DEBUG - Process-2 - 자율 주행 모드 비활성 또는 목표 없음. 전차 정지.
2025-06-10 16:49:07,965 - DEBUG - Process-2 - Received data from action_input_q: {'destination': 'STOP'}
2025-06-10 16:49:07,965 - INFO - Process-2 - ✅ Main으로부터 정지 명령 수신. 모든 이동 중지.
2025-06-10 16:49:07,966 - DEBUG - Process-2 - 자율 주행 모드 비활성 또는 목표 없음. 전차 정지.
2025-06-10 16:49:08,070 - DEBUG - Process-2 - 자율 주행 모드 비활성 또는 목표 없음. 전차 정지.
2025-06-10 16:49:08,235 - DEBUG - Process-2 - 자율 주행 모드 비활성 또는 목표 없음. 전차 정지.
2025-06-10 16:49:08,342 - DEBUG - Process-2 - 자율 주행 모드 비활성 또는 목표 없음. 전차 정지.
2025-06-10 16:49:08,487 - DEBUG - Process-2 - 자율 주행 모드 비활성 또는 목표 없음. 전차 정지.
2025-06-10 16:49:08,591 - DEBUG - Process-2 - 자율 주행 모드 비활성 또는 목표 없음. 전차 정지.
2025-06-10 16:49:08,695 - DEBUG - Process-2 - 자율 주행 모드 비활성 또는 목표 없음. 전차 정지.
2025-06-10 16:49:08,799 - DEBUG - Process-2 - 자율 주행 모드 비활성 또는 목표 없음. 전차 정지.
2025-06-10 16:49:08,911 - DEBUG - Process-2 - 자율 주행 모드 비활성 또는 목표 없음. 전차 정지.
2025-06-10 16:49:09,013 - WARNING - Process-2 - 경로 탐색 요청 수신, 그러나 현재 전차 위치 또는 pathfinder 초기화 안됨.
2025-06-10 16:49:09,016 - DEBUG - Process-2 - 자율 주행 모드 비활성 또는 목표 없음. 전차 정지.
2025-06-10 16:49:09,121 - DEBUG - Process-2 - Received data from action_input_q: {'destination': 'STOP'}
2025-06-10 16:49:09,121 - INFO - Process-2 - ✅ Main으로부터 정지 명령 수신. 모든 이동 중지.
2025-06-10 16:49:09,122 - DEBUG - Process-2 - 자율 주행 모드 비활성 또는 목표 없음. 전차 정지.
2025-06-10 16:49:09,231 - DEBUG - Process-2 - 자율 주행 모드 비활성 또는 목표 없음. 전차 정지.
2025-06-10 16:49:09,340 - DEBUG - Process-2 - 자율 주행 모드 비활성 또는 목표 없음. 전차 정지.
2025-06-10 16:49:09,444 - DEBUG - Process-2 - 자율 주행 모드 비활성 또는 목표 없음. 전차 정지.
2025-06-10 16:49:09,557 - DEBUG - Process-2 - 자율 주행 모드 비활성 또는 목표 없음. 전차 정지.
2025-06-10 16:49:09,713 - DEBUG - Process-2 - 자율 주행 모드 비활성 또는 목표 없음. 전차 정지.
2025-06-10 16:49:09,827 - DEBUG - Process-2 - 자율 주행 모드 비활성 또는 목표 없음. 전차 정지.
2025-06-10 16:49:09,932 - DEBUG - Process-2 - 자율 주행 모드 비활성 또는 목표 없음. 전차 정지.
2025-06-10 16:49:10,035 - DEBUG - Process-2 - 자율 주행 모드 비활성 또는 목표 없음. 전차 정지.
2025-06-10 16:49:10,142 - DEBUG - Process-2 - 자율 주행 모드 비활성 또는 목표 없음. 전차 정지.
2025-06-10 16:49:10,246 - DEBUG - Process-2 - 자율 주행 모드 비활성 또는 목표 없음. 전차 정지.
2025-06-10 16:49:10,354 - DEBUG - Process-2 - 자율 주행 모드 비활성 또는 목표 없음. 전차 정지.
2025-06-10 16:49:10,460 - DEBUG - Process-2 - 자율 주행 모드 비활성 또는 목표 없음. 전차 정지.
2025-06-10 16:49:10,565 - DEBUG - Process-2 - 자율 주행 모드 비활성 또는 목표 없음. 전차 정지.
2025-06-10 16:49:10,696 - DEBUG - Process-2 - 자율 주행 모드 비활성 또는 목표 없음. 전차 정지.
2025-06-10 16:49:10,800 - DEBUG - Process-2 - 자율 주행 모드 비활성 또는 목표 없음. 전차 정지.
2025-06-10 16:49:10,974 - DEBUG - Process-2 - 자율 주행 모드 비활성 또는 목표 없음. 전차 정지.
2025-06-10 16:49:11,079 - DEBUG - Process-2 - 자율 주행 모드 비활성 또는 목표 없음. 전차 정지.
2025-06-10 16:49:11,235 - DEBUG - Process-2 - 자율 주행 모드 비활성 또는 목표 없음. 전차 정지.
2025-06-10 16:49:11,342 - DEBUG - Process-2 - 자율 주행 모드 비활성 또는 목표 없음. 전차 정지.
2025-06-10 16:49:11,495 - DEBUG - Process-2 - 자율 주행 모드 비활성 또는 목표 없음. 전차 정지.
2025-06-10 16:49:11,661 - DEBUG - Process-2 - 자율 주행 모드 비활성 또는 목표 없음. 전차 정지.
2025-06-10 16:49:11,765 - DEBUG - Process-2 - 자율 주행 모드 비활성 또는 목표 없음. 전차 정지.
2025-06-10 16:49:11,869 - DEBUG - Process-2 - 자율 주행 모드 비활성 또는 목표 없음. 전차 정지.
2025-06-10 16:49:11,974 - DEBUG - Process-2 - 자율 주행 모드 비활성 또는 목표 없음. 전차 정지.
2025-06-10 16:49:12,077 - DEBUG - Process-2 - 자율 주행 모드 비활성 또는 목표 없음. 전차 정지.
2025-06-10 16:49:12,179 - WARNING - Process-2 - 경로 탐색 요청 수신, 그러나 현재 전차 위치 또는 pathfinder 초기화 안됨.
2025-06-10 16:49:12,183 - DEBUG - Process-2 - 자율 주행 모드 비활성 또는 목표 없음. 전차 정지.
2025-06-10 16:49:12,292 - DEBUG - Process-2 - Received data from action_input_q: {'destination': 'STOP'}
2025-06-10 16:49:12,292 - INFO - Process-2 - ✅ Main으로부터 정지 명령 수신. 모든 이동 중지.
2025-06-10 16:49:12,292 - DEBUG - Process-2 - 자율 주행 모드 비활성 또는 목표 없음. 전차 정지.
2025-06-10 16:49:12,409 - DEBUG - Process-2 - 자율 주행 모드 비활성 또는 목표 없음. 전차 정지.
2025-06-10 16:49:12,519 - DEBUG - Process-2 - 자율 주행 모드 비활성 또는 목표 없음. 전차 정지.
2025-06-10 16:49:12,622 - DEBUG - Process-2 - 자율 주행 모드 비활성 또는 목표 없음. 전차 정지.
2025-06-10 16:49:12,774 - DEBUG - Process-2 - 자율 주행 모드 비활성 또는 목표 없음. 전차 정지.
2025-06-10 16:49:12,878 - DEBUG - Process-2 - 자율 주행 모드 비활성 또는 목표 없음. 전차 정지.
2025-06-10 16:49:12,982 - DEBUG - Process-2 - 자율 주행 모드 비활성 또는 목표 없음. 전차 정지.
2025-06-10 16:49:13,086 - DEBUG - Process-2 - 자율 주행 모드 비활성 또는 목표 없음. 전차 정지.
2025-06-10 16:49:13,187 - WARNING - Process-2 - 경로 탐색 요청 수신, 그러나 현재 전차 위치 또는 pathfinder 초기화 안됨.
2025-06-10 16:49:13,202 - DEBUG - Process-2 - 자율 주행 모드 비활성 또는 목표 없음. 전차 정지.
2025-06-10 16:49:13,308 - DEBUG - Process-2 - Received data from action_input_q: {'destination': 'STOP'}
2025-06-10 16:49:13,308 - INFO - Process-2 - ✅ Main으로부터 정지 명령 수신. 모든 이동 중지.
2025-06-10 16:49:13,309 - DEBUG - Process-2 - 자율 주행 모드 비활성 또는 목표 없음. 전차 정지.
2025-06-10 16:49:13,419 - DEBUG - Process-2 - 자율 주행 모드 비활성 또는 목표 없음. 전차 정지.
2025-06-10 16:49:13,524 - DEBUG - Process-2 - 자율 주행 모드 비활성 또는 목표 없음. 전차 정지.
2025-06-10 16:49:13,630 - DEBUG - Process-2 - 자율 주행 모드 비활성 또는 목표 없음. 전차 정지.
2025-06-10 16:49:13,741 - DEBUG - Process-2 - 자율 주행 모드 비활성 또는 목표 없음. 전차 정지.
2025-06-10 16:49:13,862 - DEBUG - Process-2 - 자율 주행 모드 비활성 또는 목표 없음. 전차 정지.
2025-06-10 16:49:13,988 - DEBUG - Process-2 - 자율 주행 모드 비활성 또는 목표 없음. 전차 정지.
2025-06-10 16:49:14,092 - DEBUG - Process-2 - 자율 주행 모드 비활성 또는 목표 없음. 전차 정지.
2025-06-10 16:49:14,264 - DEBUG - Process-2 - 자율 주행 모드 비활성 또는 목표 없음. 전차 정지.
2025-06-10 16:49:14,376 - DEBUG - Process-2 - 자율 주행 모드 비활성 또는 목표 없음. 전차 정지.
2025-06-10 16:49:14,488 - DEBUG - Process-2 - 자율 주행 모드 비활성 또는 목표 없음. 전차 정지.
2025-06-10 16:49:14,623 - DEBUG - Process-2 - 자율 주행 모드 비활성 또는 목표 없음. 전차 정지.
2025-06-10 16:49:14,748 - DEBUG - Process-2 - 자율 주행 모드 비활성 또는 목표 없음. 전차 정지.
2025-06-10 16:49:14,895 - DEBUG - Process-2 - 자율 주행 모드 비활성 또는 목표 없음. 전차 정지.
2025-06-10 16:49:15,001 - DEBUG - Process-2 - 자율 주행 모드 비활성 또는 목표 없음. 전차 정지.
2025-06-10 16:49:15,113 - DEBUG - Process-2 - 자율 주행 모드 비활성 또는 목표 없음. 전차 정지.
2025-06-10 16:49:15,218 - DEBUG - Process-2 - 자율 주행 모드 비활성 또는 목표 없음. 전차 정지.
2025-06-10 16:49:15,341 - DEBUG - Process-2 - 자율 주행 모드 비활성 또는 목표 없음. 전차 정지.
2025-06-10 16:49:15,448 - DEBUG - Process-2 - 자율 주행 모드 비활성 또는 목표 없음. 전차 정지.
2025-06-10 16:49:15,631 - DEBUG - Process-2 - 자율 주행 모드 비활성 또는 목표 없음. 전차 정지.
2025-06-10 16:49:15,739 - DEBUG - Process-2 - 자율 주행 모드 비활성 또는 목표 없음. 전차 정지.
2025-06-10 16:49:15,878 - DEBUG - Process-2 - 자율 주행 모드 비활성 또는 목표 없음. 전차 정지.
2025-06-10 16:49:15,987 - DEBUG - Process-2 - 자율 주행 모드 비활성 또는 목표 없음. 전차 정지.
2025-06-10 16:49:16,151 - DEBUG - Process-2 - 자율 주행 모드 비활성 또는 목표 없음. 전차 정지.
2025-06-10 16:49:16,263 - DEBUG - Process-2 - 자율 주행 모드 비활성 또는 목표 없음. 전차 정지.
2025-06-10 16:49:16,367 - DEBUG - Process-2 - 자율 주행 모드 비활성 또는 목표 없음. 전차 정지.
2025-06-10 16:49:16,548 - DEBUG - Process-2 - 자율 주행 모드 비활성 또는 목표 없음. 전차 정지.
2025-06-10 16:49:16,651 - DEBUG - Process-2 - 자율 주행 모드 비활성 또는 목표 없음. 전차 정지.
2025-06-10 16:49:16,760 - DEBUG - Process-2 - 자율 주행 모드 비활성 또는 목표 없음. 전차 정지.
2025-06-10 16:49:16,882 - DEBUG - Process-2 - 자율 주행 모드 비활성 또는 목표 없음. 전차 정지.
2025-06-10 16:49:16,983 - INFO - Process-2 - A* Pathfinder 초기화 완료 (맵: 300.0x300.0, 그리드: 5.0)
2025-06-10 16:49:16,984 - INFO - Process-2 - 🛠️ 시뮬레이션 초기화 (Action Worker)
2025-06-10 16:49:16,985 - INFO - Process-2 - A* Pathfinder에 장애물 정보 업데이트 요청 수신. 현재 A* 장애물 수: 0
2025-06-10 16:49:17,001 - INFO - Process-2 - A* Pathfinder에 장애물 정보 업데이트 요청 수신. 현재 A* 장애물 수: 71
2025-06-10 16:49:17,148 - DEBUG - Process-2 - 자율 주행 모드 비활성 또는 목표 없음. 전차 정지.
2025-06-10 16:49:17,252 - DEBUG - Process-2 - 자율 주행 모드 비활성 또는 목표 없음. 전차 정지.
2025-06-10 16:49:17,356 - DEBUG - Process-2 - 자율 주행 모드 비활성 또는 목표 없음. 전차 정지.
2025-06-10 16:49:17,463 - DEBUG - Process-2 - 자율 주행 모드 비활성 또는 목표 없음. 전차 정지.
2025-06-10 16:49:17,568 - DEBUG - Process-2 - 자율 주행 모드 비활성 또는 목표 없음. 전차 정지.
2025-06-10 16:49:17,679 - DEBUG - Process-2 - 자율 주행 모드 비활성 또는 목표 없음. 전차 정지.
2025-06-10 16:49:17,784 - DEBUG - Process-2 - 자율 주행 모드 비활성 또는 목표 없음. 전차 정지.
2025-06-10 16:49:17,888 - DEBUG - Process-2 - 자율 주행 모드 비활성 또는 목표 없음. 전차 정지.
2025-06-10 16:49:17,993 - DEBUG - Process-2 - 자율 주행 모드 비활성 또는 목표 없음. 전차 정지.
2025-06-10 16:49:18,154 - DEBUG - Process-2 - 자율 주행 모드 비활성 또는 목표 없음. 전차 정지.
2025-06-10 16:49:18,258 - DEBUG - Process-2 - 자율 주행 모드 비활성 또는 목표 없음. 전차 정지.
2025-06-10 16:49:18,362 - DEBUG - Process-2 - 자율 주행 모드 비활성 또는 목표 없음. 전차 정지.
2025-06-10 16:49:18,466 - DEBUG - Process-2 - 자율 주행 모드 비활성 또는 목표 없음. 전차 정지.
2025-06-10 16:49:18,570 - DEBUG - Process-2 - 자율 주행 모드 비활성 또는 목표 없음. 전차 정지.
2025-06-10 16:49:18,674 - DEBUG - Process-2 - 자율 주행 모드 비활성 또는 목표 없음. 전차 정지.
2025-06-10 16:49:18,778 - DEBUG - Process-2 - 자율 주행 모드 비활성 또는 목표 없음. 전차 정지.
2025-06-10 16:49:18,882 - DEBUG - Process-2 - 자율 주행 모드 비활성 또는 목표 없음. 전차 정지.
2025-06-10 16:49:18,986 - DEBUG - Process-2 - 자율 주행 모드 비활성 또는 목표 없음. 전차 정지.
2025-06-10 16:49:19,091 - DEBUG - Process-2 - 자율 주행 모드 비활성 또는 목표 없음. 전차 정지.
2025-06-10 16:49:19,195 - DEBUG - Process-2 - 자율 주행 모드 비활성 또는 목표 없음. 전차 정지.
2025-06-10 16:49:19,299 - DEBUG - Process-2 - 자율 주행 모드 비활성 또는 목표 없음. 전차 정지.
2025-06-10 16:49:19,404 - DEBUG - Process-2 - 자율 주행 모드 비활성 또는 목표 없음. 전차 정지.
2025-06-10 16:49:19,508 - DEBUG - Process-2 - 자율 주행 모드 비활성 또는 목표 없음. 전차 정지.
2025-06-10 16:49:19,613 - DEBUG - Process-2 - 자율 주행 모드 비활성 또는 목표 없음. 전차 정지.
2025-06-10 16:49:19,723 - DEBUG - Process-2 - 자율 주행 모드 비활성 또는 목표 없음. 전차 정지.
2025-06-10 16:49:19,832 - DEBUG - Process-2 - 자율 주행 모드 비활성 또는 목표 없음. 전차 정지.
2025-06-10 16:49:19,936 - DEBUG - Process-2 - 자율 주행 모드 비활성 또는 목표 없음. 전차 정지.
2025-06-10 16:49:20,041 - DEBUG - Process-2 - 자율 주행 모드 비활성 또는 목표 없음. 전차 정지.
2025-06-10 16:49:20,144 - DEBUG - Process-2 - 자율 주행 모드 비활성 또는 목표 없음. 전차 정지.
2025-06-10 16:49:20,249 - DEBUG - Process-2 - 자율 주행 모드 비활성 또는 목표 없음. 전차 정지.
2025-06-10 16:49:20,352 - DEBUG - Process-2 - 자율 주행 모드 비활성 또는 목표 없음. 전차 정지.
2025-06-10 16:49:20,457 - DEBUG - Process-2 - 자율 주행 모드 비활성 또는 목표 없음. 전차 정지.
2025-06-10 16:49:20,608 - DEBUG - Process-2 - 자율 주행 모드 비활성 또는 목표 없음. 전차 정지.
2025-06-10 16:49:20,712 - DEBUG - Process-2 - 자율 주행 모드 비활성 또는 목표 없음. 전차 정지.
2025-06-10 16:49:20,816 - DEBUG - Process-2 - 자율 주행 모드 비활성 또는 목표 없음. 전차 정지.
2025-06-10 16:49:20,922 - DEBUG - Process-2 - 자율 주행 모드 비활성 또는 목표 없음. 전차 정지.
2025-06-10 16:49:21,026 - DEBUG - Process-2 - 자율 주행 모드 비활성 또는 목표 없음. 전차 정지.
2025-06-10 16:49:21,130 - DEBUG - Process-2 - 자율 주행 모드 비활성 또는 목표 없음. 전차 정지.
2025-06-10 16:49:21,234 - DEBUG - Process-2 - 자율 주행 모드 비활성 또는 목표 없음. 전차 정지.
2025-06-10 16:49:21,358 - DEBUG - Process-2 - 자율 주행 모드 비활성 또는 목표 없음. 전차 정지.
2025-06-10 16:49:21,464 - DEBUG - Process-2 - 자율 주행 모드 비활성 또는 목표 없음. 전차 정지.
2025-06-10 16:49:21,568 - DEBUG - Process-2 - 자율 주행 모드 비활성 또는 목표 없음. 전차 정지.
2025-06-10 16:49:21,674 - DEBUG - Process-2 - 자율 주행 모드 비활성 또는 목표 없음. 전차 정지.
2025-06-10 16:49:21,778 - DEBUG - Process-2 - 자율 주행 모드 비활성 또는 목표 없음. 전차 정지.
2025-06-10 16:49:21,882 - DEBUG - Process-2 - 자율 주행 모드 비활성 또는 목표 없음. 전차 정지.
2025-06-10 16:49:21,986 - DEBUG - Process-2 - 자율 주행 모드 비활성 또는 목표 없음. 전차 정지.
2025-06-10 16:49:22,090 - DEBUG - Process-2 - 자율 주행 모드 비활성 또는 목표 없음. 전차 정지.
2025-06-10 16:49:22,194 - DEBUG - Process-2 - 자율 주행 모드 비활성 또는 목표 없음. 전차 정지.
2025-06-10 16:49:22,298 - DEBUG - Process-2 - 자율 주행 모드 비활성 또는 목표 없음. 전차 정지.
2025-06-10 16:49:22,405 - DEBUG - Process-2 - 자율 주행 모드 비활성 또는 목표 없음. 전차 정지.
2025-06-10 16:49:22,513 - DEBUG - Process-2 - 자율 주행 모드 비활성 또는 목표 없음. 전차 정지.
2025-06-10 16:49:22,638 - DEBUG - Process-2 - 자율 주행 모드 비활성 또는 목표 없음. 전차 정지.
2025-06-10 16:49:22,743 - DEBUG - Process-2 - 자율 주행 모드 비활성 또는 목표 없음. 전차 정지.
2025-06-10 16:49:22,900 - DEBUG - Process-2 - 자율 주행 모드 비활성 또는 목표 없음. 전차 정지.
2025-06-10 16:49:23,003 - DEBUG - Process-2 - 자율 주행 모드 비활성 또는 목표 없음. 전차 정지.
2025-06-10 16:49:23,107 - DEBUG - Process-2 - 자율 주행 모드 비활성 또는 목표 없음. 전차 정지.
2025-06-10 16:49:23,211 - DEBUG - Process-2 - 자율 주행 모드 비활성 또는 목표 없음. 전차 정지.
2025-06-10 16:49:24,474 - WARNING - Process-2 - A* 경로를 찾지 못했습니다. 이동 불가.
2025-06-10 16:51:08,227 - WARNING - Process-2 - A* 경로를 찾지 못했습니다. 이동 불가.
2025-06-10 16:51:12,967 - WARNING - Process-2 - A* 경로를 찾지 못했습니다. 이동 불가.
2025-06-10 16:51:37,572 - INFO - Process-2 - A* 경로 계산 및 단순화 완료: 원본 길이 45, 단순화 후 길이 2
2025-06-10 16:51:57,873 - INFO - Process-2 - A* 경로 계산 및 단순화 완료: 원본 길이 51, 단순화 후 길이 2
2025-06-10 16:55:55,689 - INFO - Process-2 - 🚀 전차 목표 추적 시스템 (Action Worker) 시작
2025-06-10 16:55:55,690 - CRITICAL - Process-2 - DEBUG: Current effective log level for 'action_worker_process': 10
2025-06-10 16:56:03,841 - DEBUG - Process-2 - 자율 주행 모드 비활성 또는 목표 없음. 전차 정지.
2025-06-10 16:56:03,947 - DEBUG - Process-2 - 자율 주행 모드 비활성 또는 목표 없음. 전차 정지.
2025-06-10 16:56:04,051 - DEBUG - Process-2 - 자율 주행 모드 비활성 또는 목표 없음. 전차 정지.
2025-06-10 16:56:04,155 - DEBUG - Process-2 - 자율 주행 모드 비활성 또는 목표 없음. 전차 정지.
2025-06-10 16:56:04,259 - DEBUG - Process-2 - 자율 주행 모드 비활성 또는 목표 없음. 전차 정지.
2025-06-10 16:56:04,365 - DEBUG - Process-2 - 자율 주행 모드 비활성 또는 목표 없음. 전차 정지.
2025-06-10 16:56:04,474 - DEBUG - Process-2 - 자율 주행 모드 비활성 또는 목표 없음. 전차 정지.
2025-06-10 16:56:04,585 - DEBUG - Process-2 - 자율 주행 모드 비활성 또는 목표 없음. 전차 정지.
2025-06-10 16:56:04,692 - DEBUG - Process-2 - 자율 주행 모드 비활성 또는 목표 없음. 전차 정지.
2025-06-10 16:56:04,809 - DEBUG - Process-2 - 자율 주행 모드 비활성 또는 목표 없음. 전차 정지.
2025-06-10 16:56:04,919 - DEBUG - Process-2 - 자율 주행 모드 비활성 또는 목표 없음. 전차 정지.
2025-06-10 16:56:05,116 - DEBUG - Process-2 - 자율 주행 모드 비활성 또는 목표 없음. 전차 정지.
2025-06-10 16:56:05,220 - DEBUG - Process-2 - 자율 주행 모드 비활성 또는 목표 없음. 전차 정지.
2025-06-10 16:56:05,328 - DEBUG - Process-2 - 자율 주행 모드 비활성 또는 목표 없음. 전차 정지.
2025-06-10 16:56:05,435 - DEBUG - Process-2 - 자율 주행 모드 비활성 또는 목표 없음. 전차 정지.
2025-06-10 16:56:05,539 - DEBUG - Process-2 - 자율 주행 모드 비활성 또는 목표 없음. 전차 정지.
2025-06-10 16:56:05,643 - DEBUG - Process-2 - 자율 주행 모드 비활성 또는 목표 없음. 전차 정지.
2025-06-10 16:56:05,747 - DEBUG - Process-2 - 자율 주행 모드 비활성 또는 목표 없음. 전차 정지.
2025-06-10 16:56:05,851 - DEBUG - Process-2 - 자율 주행 모드 비활성 또는 목표 없음. 전차 정지.
2025-06-10 16:56:05,955 - DEBUG - Process-2 - 자율 주행 모드 비활성 또는 목표 없음. 전차 정지.
2025-06-10 16:56:06,060 - DEBUG - Process-2 - 자율 주행 모드 비활성 또는 목표 없음. 전차 정지.
2025-06-10 16:56:06,163 - DEBUG - Process-2 - 자율 주행 모드 비활성 또는 목표 없음. 전차 정지.
2025-06-10 16:56:06,269 - DEBUG - Process-2 - 자율 주행 모드 비활성 또는 목표 없음. 전차 정지.
2025-06-10 16:56:06,373 - DEBUG - Process-2 - 자율 주행 모드 비활성 또는 목표 없음. 전차 정지.
2025-06-10 16:56:06,477 - DEBUG - Process-2 - 자율 주행 모드 비활성 또는 목표 없음. 전차 정지.
2025-06-10 16:56:06,582 - DEBUG - Process-2 - 자율 주행 모드 비활성 또는 목표 없음. 전차 정지.
2025-06-10 16:56:06,685 - DEBUG - Process-2 - 자율 주행 모드 비활성 또는 목표 없음. 전차 정지.
2025-06-10 16:56:06,790 - DEBUG - Process-2 - 자율 주행 모드 비활성 또는 목표 없음. 전차 정지.
2025-06-10 16:56:06,986 - DEBUG - Process-2 - 자율 주행 모드 비활성 또는 목표 없음. 전차 정지.
2025-06-10 16:56:07,091 - DEBUG - Process-2 - 자율 주행 모드 비활성 또는 목표 없음. 전차 정지.
2025-06-10 16:56:07,194 - DEBUG - Process-2 - 자율 주행 모드 비활성 또는 목표 없음. 전차 정지.
2025-06-10 16:56:07,298 - DEBUG - Process-2 - 자율 주행 모드 비활성 또는 목표 없음. 전차 정지.
2025-06-10 16:56:07,401 - DEBUG - Process-2 - 자율 주행 모드 비활성 또는 목표 없음. 전차 정지.
2025-06-10 16:56:07,505 - DEBUG - Process-2 - 자율 주행 모드 비활성 또는 목표 없음. 전차 정지.
2025-06-10 16:56:07,627 - DEBUG - Process-2 - 자율 주행 모드 비활성 또는 목표 없음. 전차 정지.
2025-06-10 16:56:07,745 - DEBUG - Process-2 - 자율 주행 모드 비활성 또는 목표 없음. 전차 정지.
2025-06-10 16:56:07,849 - DEBUG - Process-2 - 자율 주행 모드 비활성 또는 목표 없음. 전차 정지.
2025-06-10 16:56:07,953 - DEBUG - Process-2 - 자율 주행 모드 비활성 또는 목표 없음. 전차 정지.
2025-06-10 16:56:08,057 - DEBUG - Process-2 - 자율 주행 모드 비활성 또는 목표 없음. 전차 정지.
2025-06-10 16:56:08,162 - DEBUG - Process-2 - 자율 주행 모드 비활성 또는 목표 없음. 전차 정지.
2025-06-10 16:56:08,266 - DEBUG - Process-2 - 자율 주행 모드 비활성 또는 목표 없음. 전차 정지.
2025-06-10 16:56:08,370 - DEBUG - Process-2 - 자율 주행 모드 비활성 또는 목표 없음. 전차 정지.
2025-06-10 16:56:08,474 - DEBUG - Process-2 - 자율 주행 모드 비활성 또는 목표 없음. 전차 정지.
2025-06-10 16:56:08,579 - DEBUG - Process-2 - 자율 주행 모드 비활성 또는 목표 없음. 전차 정지.
2025-06-10 16:56:08,683 - DEBUG - Process-2 - 자율 주행 모드 비활성 또는 목표 없음. 전차 정지.
2025-06-10 16:56:08,787 - DEBUG - Process-2 - 자율 주행 모드 비활성 또는 목표 없음. 전차 정지.
2025-06-10 16:56:08,890 - DEBUG - Process-2 - 자율 주행 모드 비활성 또는 목표 없음. 전차 정지.
2025-06-10 16:56:08,994 - DEBUG - Process-2 - 자율 주행 모드 비활성 또는 목표 없음. 전차 정지.
2025-06-10 16:56:09,100 - DEBUG - Process-2 - 자율 주행 모드 비활성 또는 목표 없음. 전차 정지.
2025-06-10 16:56:09,245 - DEBUG - Process-2 - 자율 주행 모드 비활성 또는 목표 없음. 전차 정지.
2025-06-10 16:56:09,351 - DEBUG - Process-2 - 자율 주행 모드 비활성 또는 목표 없음. 전차 정지.
2025-06-10 16:56:09,455 - DEBUG - Process-2 - 자율 주행 모드 비활성 또는 목표 없음. 전차 정지.
2025-06-10 16:56:09,556 - WARNING - Process-2 - 경로 탐색 요청 수신, 그러나 현재 전차 위치 또는 pathfinder 초기화 안됨.
2025-06-10 16:56:09,563 - DEBUG - Process-2 - 자율 주행 모드 비활성 또는 목표 없음. 전차 정지.
2025-06-10 16:56:09,667 - DEBUG - Process-2 - Received data from action_input_q: {'destination': 'STOP'}
2025-06-10 16:56:09,667 - INFO - Process-2 - ✅ Main으로부터 정지 명령 수신. 모든 이동 중지.
2025-06-10 16:56:09,668 - DEBUG - Process-2 - 자율 주행 모드 비활성 또는 목표 없음. 전차 정지.
2025-06-10 16:56:09,772 - DEBUG - Process-2 - 자율 주행 모드 비활성 또는 목표 없음. 전차 정지.
2025-06-10 16:56:09,876 - DEBUG - Process-2 - 자율 주행 모드 비활성 또는 목표 없음. 전차 정지.
2025-06-10 16:56:09,980 - DEBUG - Process-2 - 자율 주행 모드 비활성 또는 목표 없음. 전차 정지.
2025-06-10 16:56:10,083 - DEBUG - Process-2 - 자율 주행 모드 비활성 또는 목표 없음. 전차 정지.
2025-06-10 16:56:10,187 - DEBUG - Process-2 - 자율 주행 모드 비활성 또는 목표 없음. 전차 정지.
2025-06-10 16:56:10,289 - WARNING - Process-2 - 경로 탐색 요청 수신, 그러나 현재 전차 위치 또는 pathfinder 초기화 안됨.
2025-06-10 16:56:10,293 - DEBUG - Process-2 - 자율 주행 모드 비활성 또는 목표 없음. 전차 정지.
2025-06-10 16:56:10,398 - DEBUG - Process-2 - Received data from action_input_q: {'destination': 'STOP'}
2025-06-10 16:56:10,398 - INFO - Process-2 - ✅ Main으로부터 정지 명령 수신. 모든 이동 중지.
2025-06-10 16:56:10,399 - DEBUG - Process-2 - 자율 주행 모드 비활성 또는 목표 없음. 전차 정지.
2025-06-10 16:56:10,504 - DEBUG - Process-2 - 자율 주행 모드 비활성 또는 목표 없음. 전차 정지.
2025-06-10 16:56:10,608 - DEBUG - Process-2 - 자율 주행 모드 비활성 또는 목표 없음. 전차 정지.
2025-06-10 16:56:10,731 - DEBUG - Process-2 - 자율 주행 모드 비활성 또는 목표 없음. 전차 정지.
2025-06-10 16:56:10,835 - DEBUG - Process-2 - 자율 주행 모드 비활성 또는 목표 없음. 전차 정지.
2025-06-10 16:56:10,939 - DEBUG - Process-2 - 자율 주행 모드 비활성 또는 목표 없음. 전차 정지.
2025-06-10 16:56:11,043 - DEBUG - Process-2 - 자율 주행 모드 비활성 또는 목표 없음. 전차 정지.
2025-06-10 16:56:11,147 - DEBUG - Process-2 - 자율 주행 모드 비활성 또는 목표 없음. 전차 정지.
2025-06-10 16:56:11,250 - DEBUG - Process-2 - 자율 주행 모드 비활성 또는 목표 없음. 전차 정지.
2025-06-10 16:56:11,355 - DEBUG - Process-2 - 자율 주행 모드 비활성 또는 목표 없음. 전차 정지.
2025-06-10 16:56:11,461 - DEBUG - Process-2 - 자율 주행 모드 비활성 또는 목표 없음. 전차 정지.
2025-06-10 16:56:11,568 - DEBUG - Process-2 - 자율 주행 모드 비활성 또는 목표 없음. 전차 정지.
2025-06-10 16:56:11,673 - DEBUG - Process-2 - 자율 주행 모드 비활성 또는 목표 없음. 전차 정지.
2025-06-10 16:56:11,786 - DEBUG - Process-2 - 자율 주행 모드 비활성 또는 목표 없음. 전차 정지.
2025-06-10 16:56:11,891 - DEBUG - Process-2 - 자율 주행 모드 비활성 또는 목표 없음. 전차 정지.
2025-06-10 16:56:12,023 - DEBUG - Process-2 - 자율 주행 모드 비활성 또는 목표 없음. 전차 정지.
2025-06-10 16:56:12,163 - DEBUG - Process-2 - 자율 주행 모드 비활성 또는 목표 없음. 전차 정지.
2025-06-10 16:56:12,265 - INFO - Process-2 - A* Pathfinder 초기화 완료 (맵: 300.0x300.0, 그리드: 5.0)
2025-06-10 16:56:12,266 - INFO - Process-2 - 🛠️ 시뮬레이션 초기화 (Action Worker)
2025-06-10 16:56:12,267 - INFO - Process-2 - A* Pathfinder에 장애물 정보 업데이트 요청 수신. 현재 A* 장애물 수: 0
2025-06-10 16:56:12,271 - INFO - Process-2 - A* Pathfinder에 장애물 정보 업데이트 요청 수신. 현재 A* 장애물 수: 71
2025-06-10 16:56:12,416 - DEBUG - Process-2 - 자율 주행 모드 비활성 또는 목표 없음. 전차 정지.
2025-06-10 16:56:12,520 - DEBUG - Process-2 - 자율 주행 모드 비활성 또는 목표 없음. 전차 정지.
2025-06-10 16:56:12,624 - DEBUG - Process-2 - 자율 주행 모드 비활성 또는 목표 없음. 전차 정지.
2025-06-10 16:56:12,728 - DEBUG - Process-2 - 자율 주행 모드 비활성 또는 목표 없음. 전차 정지.
2025-06-10 16:56:12,832 - DEBUG - Process-2 - 자율 주행 모드 비활성 또는 목표 없음. 전차 정지.
2025-06-10 16:56:12,936 - DEBUG - Process-2 - 자율 주행 모드 비활성 또는 목표 없음. 전차 정지.
2025-06-10 16:56:13,039 - DEBUG - Process-2 - 자율 주행 모드 비활성 또는 목표 없음. 전차 정지.
2025-06-10 16:56:13,143 - DEBUG - Process-2 - 자율 주행 모드 비활성 또는 목표 없음. 전차 정지.
2025-06-10 16:56:13,250 - DEBUG - Process-2 - 자율 주행 모드 비활성 또는 목표 없음. 전차 정지.
2025-06-10 16:56:13,376 - DEBUG - Process-2 - 자율 주행 모드 비활성 또는 목표 없음. 전차 정지.
2025-06-10 16:56:13,490 - DEBUG - Process-2 - 자율 주행 모드 비활성 또는 목표 없음. 전차 정지.
2025-06-10 16:56:13,595 - DEBUG - Process-2 - 자율 주행 모드 비활성 또는 목표 없음. 전차 정지.
2025-06-10 16:56:13,744 - DEBUG - Process-2 - 자율 주행 모드 비활성 또는 목표 없음. 전차 정지.
2025-06-10 16:56:13,869 - DEBUG - Process-2 - 자율 주행 모드 비활성 또는 목표 없음. 전차 정지.
2025-06-10 16:56:14,022 - DEBUG - Process-2 - 자율 주행 모드 비활성 또는 목표 없음. 전차 정지.
2025-06-10 16:56:14,126 - DEBUG - Process-2 - 자율 주행 모드 비활성 또는 목표 없음. 전차 정지.
2025-06-10 16:56:14,231 - DEBUG - Process-2 - 자율 주행 모드 비활성 또는 목표 없음. 전차 정지.
2025-06-10 16:56:14,335 - DEBUG - Process-2 - 자율 주행 모드 비활성 또는 목표 없음. 전차 정지.
2025-06-10 16:56:14,440 - DEBUG - Process-2 - 자율 주행 모드 비활성 또는 목표 없음. 전차 정지.
2025-06-10 16:56:14,544 - DEBUG - Process-2 - 자율 주행 모드 비활성 또는 목표 없음. 전차 정지.
2025-06-10 16:56:14,648 - DEBUG - Process-2 - 자율 주행 모드 비활성 또는 목표 없음. 전차 정지.
2025-06-10 16:56:14,752 - DEBUG - Process-2 - 자율 주행 모드 비활성 또는 목표 없음. 전차 정지.
2025-06-10 16:56:14,856 - DEBUG - Process-2 - 자율 주행 모드 비활성 또는 목표 없음. 전차 정지.
2025-06-10 16:56:14,960 - DEBUG - Process-2 - 자율 주행 모드 비활성 또는 목표 없음. 전차 정지.
2025-06-10 16:56:15,064 - DEBUG - Process-2 - 자율 주행 모드 비활성 또는 목표 없음. 전차 정지.
2025-06-10 16:56:15,168 - DEBUG - Process-2 - 자율 주행 모드 비활성 또는 목표 없음. 전차 정지.
2025-06-10 16:56:15,273 - DEBUG - Process-2 - 자율 주행 모드 비활성 또는 목표 없음. 전차 정지.
2025-06-10 16:56:15,377 - DEBUG - Process-2 - 자율 주행 모드 비활성 또는 목표 없음. 전차 정지.
2025-06-10 16:56:15,481 - DEBUG - Process-2 - 자율 주행 모드 비활성 또는 목표 없음. 전차 정지.
2025-06-10 16:56:15,586 - DEBUG - Process-2 - 자율 주행 모드 비활성 또는 목표 없음. 전차 정지.
2025-06-10 16:56:15,690 - DEBUG - Process-2 - 자율 주행 모드 비활성 또는 목표 없음. 전차 정지.
2025-06-10 16:56:15,795 - DEBUG - Process-2 - 자율 주행 모드 비활성 또는 목표 없음. 전차 정지.
2025-06-10 16:56:15,900 - DEBUG - Process-2 - 자율 주행 모드 비활성 또는 목표 없음. 전차 정지.
2025-06-10 16:56:16,005 - DEBUG - Process-2 - 자율 주행 모드 비활성 또는 목표 없음. 전차 정지.
2025-06-10 16:56:16,110 - DEBUG - Process-2 - 자율 주행 모드 비활성 또는 목표 없음. 전차 정지.
2025-06-10 16:56:16,216 - DEBUG - Process-2 - 자율 주행 모드 비활성 또는 목표 없음. 전차 정지.
2025-06-10 16:56:16,320 - DEBUG - Process-2 - 자율 주행 모드 비활성 또는 목표 없음. 전차 정지.
2025-06-10 16:56:16,424 - DEBUG - Process-2 - 자율 주행 모드 비활성 또는 목표 없음. 전차 정지.
2025-06-10 16:56:16,528 - DEBUG - Process-2 - 자율 주행 모드 비활성 또는 목표 없음. 전차 정지.
2025-06-10 16:56:20,297 - INFO - Process-2 - A* 경로 계산 및 단순화 완료: 원본 길이 51, 단순화 후 길이 2
2025-06-10 17:20:29,359 - INFO - Process-2 - 🚀 전차 목표 추적 시스템 (Action Worker) 시작
2025-06-10 17:20:29,361 - CRITICAL - Process-2 - DEBUG: Current effective log level for 'action_worker_process': 10
2025-06-10 18:15:29,760 - INFO - Process-2 - 🚀 전차 목표 추적 시스템 (Action Worker) 시작
2025-06-10 18:15:29,763 - CRITICAL - Process-2 - DEBUG: Current effective log level for 'action_worker_process': 10
